index,time_ns,value,count,values
0,2870540906062,34805.0,16,34805.0;-32645.0;3.0;0.0;0.0;0.0;0.0;0.0;0.0;0.0;0.0;0.0;0.0;0.0;0.0;0.0
1,2870743704161,34803.0,16,34803.0;-32645.0;2.0;0.0;0.0;0.0;0.0;0.0;0.0;0.0;0.0;0.0;0.0;0.0;0.0;0.0
2,2870744067494,34762.0,16,34762.0;-32645.0;2.0;0.0;0.0;0.0;0.0;0.0;0.0;0.0;0.0;0.0;0.0;0.0;0.0;0.0
3,2870744328828,34716.0,16,34716.0;-32645.0;2.0;0.0;0.0;0.0;0.0;0.0;0.0;0.0;0.0;0.0;0.0;0.0;0.0;0.0
4,2870744606161,34682.0,16,34682.0;-32645.0;2.0;0.0;0.0;0.0;0.0;0.0;0.0;0.0;0.0;0.0;0.0;0.0;0.0;0.0
5,2870744862161,34672.0,16,34672.0;-32645.0;2.0;0.0;0.0;0.0;0.0;0.0;0.0;0.0;0.0;0.0;0.0;0.0;0.0;0.0
6,2870945261593,34676.0,16,34676.0;-32618.0;-4528.0;0.0;0.0;0.0;0.0;0.0;0.0;0.0;0.0;0.0;0.0;0.0;0.0;0.0
7,2870945657593,34684.0,16,34684.0;-32618.0;-4528.0;0.0;0.0;0.0;0.0;0.0;0.0;0.0;0.0;0.0;0.0;0.0;0.0;0.0
8,2870945919593,34694.0,16,34694.0;-32618.0;-4528.0;0.0;0.0;0.0;0.0;0.0;0.0;0.0;0.0;0.0;0.0;0.0;0.0;0.0
9,2870946200926,34693.0,16,34693.0;-32618.0;-4528.0;0.0;0.0;0.0;0.0;0.0;0.0;0.0;0.0;0.0;0.0;0.0;0.0;0.0
10,2870946461593,34707.0,16,34707.0;-32618.0;-4528.0;0.0;0.0;0.0;0.0;0.0;0.0;0.0;0.0;0.0;0.0;0.0;0.0;0.0
11,2871146641691,34707.0,16,34707.0;-32618.0;-4528.0;0.0;0.0;0.0;0.0;0.0;0.0;0.0;0.0;0.0;0.0;0.0;0.0;0.0
12,2871147022358,34715.0,16,34715.0;-32618.0;-4528.0;0.0;0.0;0.0;0.0;0.0;0.0;0.0;0.0;0.0;0.0;0.0;0.0;0.0
13,2871147321691,34723.0,16,34723.0;-32618.0;-4528.0;0.0;0.0;0.0;0.0;0.0;0.0;0.0;0.0;0.0;0.0;0.0;0.0;0.0
14,2871147581691,34738.0,16,34738.0;-32618.0;-4528.0;0.0;0.0;0.0;0.0;0.0;0.0;0.0;0.0;0.0;0.0;0.0;0.0;0.0
15,2871147840358,34742.0,16,34742.0;-32618.0;-4528.0;0.0;0.0;0.0;0.0;0.0;0.0;0.0;0.0;0.0;0.0;0.0;0.0;0.0
16,2871348046456,34751.0,16,34751.0;-32618.0;-4528.0;0.0;0.0;0.0;0.0;0.0;0.0;0.0;0.0;0.0;0.0;0.0;0.0;0.0
17,2871348413123,34718.0,16,34718.0;-32618.0;-4528.0;0.0;0.0;0.0;0.0;0.0;0.0;0.0;0.0;0.0;0.0;0.0;0.0;0.0
18,2871348677790,34671.0,16,34671.0;-32618.0;-4528.0;0.0;0.0;0.0;0.0;0.0;0.0;0.0;0.0;0.0;0.0;0.0;0.0;0.0
19,2871349037123,34610.0,16,34610.0;-32618.0;-4528.0;0.0;0.0;0.0;0.0;0.0;0.0;0.0;0.0;0.0;0.0;0.0;0.0;0.0
20,2871349323123,34592.0,16,34592.0;-32618.0;-4528.0;0.0;0.0;0.0;0.0;0.0;0.0;0.0;0.0;0.0;0.0;0.0;0.0;0.0
21,2871550709222,34570.0,16,34570.0;-32618.0;-4528.0;0.0;0.0;0.0;0.0;0.0;0.0;0.0;0.0;0.0;0.0;0.0;0.0;0.0
22,2871551078555,34575.0,16,34575.0;-32618.0;-4528.0;0.0;0.0;0.0;0.0;0.0;0.0;0.0;0.0;0.0;0.0;0.0;0.0;0.0
23,2871551344555,34586.0,16,34586.0;-32618.0;-4528.0;0.0;0.0;0.0;0.0;0.0;0.0;0.0;0.0;0.0;0.0;0.0;0.0;0.0
24,2871551609222,34600.0,16,34600.0;-32618.0;-4528.0;0.0;0.0;0.0;0.0;0.0;0.0;0.0;0.0;0.0;0.0;0.0;0.0;0.0
25,2871551895222,34602.0,16,34602.0;-32618.0;-4528.0;0.0;0.0;0.0;0.0;0.0;0.0;0.0;0.0;0.0;0.0;0.0;0.0;0.0
26,2871754886655,34605.0,16,34605.0;-32645.0;1.0;0.0;0.0;0.0;0.0;0.0;0.0;0.0;0.0;0.0;0.0;0.0;0.0;0.0
27,2871755255322,34611.0,16,34611.0;-32645.0;1.0;0.0;0.0;0.0;0.0;0.0;0.0;0.0;0.0;0.0;0.0;0.0;0.0;0.0
28,2871755545322,34614.0,16,34614.0;-32645.0;1.0;0.0;0.0;0.0;0.0;0.0;0.0;0.0;0.0;0.0;0.0;0.0;0.0;0.0
29,2871755805322,34627.0,16,34627.0;-32645.0;1.0;0.0;0.0;0.0;0.0;0.0;0.0;0.0;0.0;0.0;0.0;0.0;0.0;0.0
30,2871756066655,34649.0,16,34649.0;-32645.0;1.0;0.0;0.0;0.0;0.0;0.0;0.0;0.0;0.0;0.0;0.0;0.0;0.0;0.0
31,2871956286086,34657.0,16,34657.0;-32618.0;-4528.0;0.0;0.0;0.0;0.0;0.0;0.0;0.0;0.0;0.0;0.0;0.0;0.0;0.0
32,2871957390087,34646.0,16,34646.0;-32618.0;-4528.0;0.0;0.0;0.0;0.0;0.0;0.0;0.0;0.0;0.0;0.0;0.0;0.0;0.0
33,2871957681420,34603.0,16,34603.0;-32618.0;-4528.0;0.0;0.0;0.0;0.0;0.0;0.0;0.0;0.0;0.0;0.0;0.0;0.0;0.0
34,2871958985421,34532.0,16,34532.0;-32618.0;-4528.0;0.0;0.0;0.0;0.0;0.0;0.0;0.0;0.0;0.0;0.0;0.0;0.0;0.0
35,2871959274754,34498.0,16,34498.0;-32618.0;-4528.0;0.0;0.0;0.0;0.0;0.0;0.0;0.0;0.0;0.0;0.0;0.0;0.0;0.0
36,2872157726851,34463.0,16,34463.0;-32618.0;-4528.0;0.0;0.0;0.0;0.0;0.0;0.0;0.0;0.0;0.0;0.0;0.0;0.0;0.0
37,2872158097518,34457.0,16,34457.0;-32618.0;-4528.0;0.0;0.0;0.0;0.0;0.0;0.0;0.0;0.0;0.0;0.0;0.0;0.0;0.0
38,2872158361518,34461.0,16,34461.0;-32618.0;-4528.0;0.0;0.0;0.0;0.0;0.0;0.0;0.0;0.0;0.0;0.0;0.0;0.0;0.0
39,2872158621518,34477.0,16,34477.0;-32618.0;-4528.0;0.0;0.0;0.0;0.0;0.0;0.0;0.0;0.0;0.0;0.0;0.0;0.0;0.0
40,2872158882852,34483.0,16,34483.0;-32618.0;-4528.0;0.0;0.0;0.0;0.0;0.0;0.0;0.0;0.0;0.0;0.0;0.0;0.0;0.0
41,2872361213617,34483.0,16,34483.0;-32618.0;-4528.0;0.0;0.0;0.0;0.0;0.0;0.0;0.0;0.0;0.0;0.0;0.0;0.0;0.0
42,2872361589618,34498.0,16,34498.0;-32618.0;-4528.0;0.0;0.0;0.0;0.0;0.0;0.0;0.0;0.0;0.0;0.0;0.0;0.0;0.0
43,2872361872284,34498.0,16,34498.0;-32618.0;-4528.0;0.0;0.0;0.0;0.0;0.0;0.0;0.0;0.0;0.0;0.0;0.0;0.0;0.0
44,2872362132951,34510.0,16,34510.0;-32618.0;-4528.0;0.0;0.0;0.0;0.0;0.0;0.0;0.0;0.0;0.0;0.0;0.0;0.0;0.0
45,2872362392951,34526.0,16,34526.0;-32618.0;-4528.0;0.0;0.0;0.0;0.0;0.0;0.0;0.0;0.0;0.0;0.0;0.0;0.0;0.0
46,2872362825618,34540.0,16,34540.0;-32618.0;-4528.0;0.0;0.0;0.0;0.0;0.0;0.0;0.0;0.0;0.0;0.0;0.0;0.0;0.0
47,2872562578382,34555.0,16,34555.0;-32618.0;-4528.0;0.0;0.0;0.0;0.0;0.0;0.0;0.0;0.0;0.0;0.0;0.0;0.0;0.0
48,2872562952383,34573.0,16,34573.0;-32618.0;-4528.0;0.0;0.0;0.0;0.0;0.0;0.0;0.0;0.0;0.0;0.0;0.0;0.0;0.0
49,2872563219716,34543.0,16,34543.0;-32618.0;-4528.0;0.0;0.0;0.0;0.0;0.0;0.0;0.0;0.0;0.0;0.0;0.0;0.0;0.0
50,2872563480383,34491.0,16,34491.0;-32618.0;-4528.0;0.0;0.0;0.0;0.0;0.0;0.0;0.0;0.0;0.0;0.0;0.0;0.0;0.0
51,2872563742383,34437.0,16,34437.0;-32618.0;-4528.0;0.0;0.0;0.0;0.0;0.0;0.0;0.0;0.0;0.0;0.0;0.0;0.0;0.0
52,2872766051815,34405.0,16,34405.0;-32618.0;-4528.0;0.0;0.0;0.0;0.0;0.0;0.0;0.0;0.0;0.0;0.0;0.0;0.0;0.0
53,2872766493815,34407.0,16,34407.0;-32618.0;-4528.0;0.0;0.0;0.0;0.0;0.0;0.0;0.0;0.0;0.0;0.0;0.0;0.0;0.0
54,2872767545149,34407.0,16,34407.0;-32618.0;-4528.0;0.0;0.0;0.0;0.0;0.0;0.0;0.0;0.0;0.0;0.0;0.0;0.0;0.0
55,2872767818483,34425.0,16,34425.0;-32618.0;-4528.0;0.0;0.0;0.0;0.0;0.0;0.0;0.0;0.0;0.0;0.0;0.0;0.0;0.0
56,2872768083149,34430.0,16,34430.0;-32618.0;-4528.0;0.0;0.0;0.0;0.0;0.0;0.0;0.0;0.0;0.0;0.0;0.0;0.0;0.0
57,2872967597913,34437.0,16,34437.0;-32618.0;-4528.0;0.0;0.0;0.0;0.0;0.0;0.0;0.0;0.0;0.0;0.0;0.0;0.0;0.0
58,2872967973247,34444.0,16,34444.0;-32618.0;-4528.0;0.0;0.0;0.0;0.0;0.0;0.0;0.0;0.0;0.0;0.0;0.0;0.0;0.0
59,2872968239914,34450.0,16,34450.0;-32618.0;-4528.0;0.0;0.0;0.0;0.0;0.0;0.0;0.0;0.0;0.0;0.0;0.0;0.0;0.0
60,2872968506581,34461.0,16,34461.0;-32618.0;-4528.0;0.0;0.0;0.0;0.0;0.0;0.0;0.0;0.0;0.0;0.0;0.0;0.0;0.0
61,2872968814581,34486.0,16,34486.0;-32618.0;-4528.0;0.0;0.0;0.0;0.0;0.0;0.0;0.0;0.0;0.0;0.0;0.0;0.0;0.0
62,2873170884013,34499.0,16,34499.0;-32618.0;-4528.0;0.0;0.0;0.0;0.0;0.0;0.0;0.0;0.0;0.0;0.0;0.0;0.0;0.0
63,2873171257346,34518.0,16,34518.0;-32618.0;-4528.0;0.0;0.0;0.0;0.0;0.0;0.0;0.0;0.0;0.0;0.0;0.0;0.0;0.0
64,2873172168013,34548.0,16,34548.0;-32618.0;-4528.0;0.0;0.0;0.0;0.0;0.0;0.0;0.0;0.0;0.0;0.0;0.0;0.0;0.0
65,2873172449347,34566.0,16,34566.0;-32618.0;-4528.0;0.0;0.0;0.0;0.0;0.0;0.0;0.0;0.0;0.0;0.0;0.0;0.0;0.0
66,2873172761347,34598.0,16,34598.0;-32618.0;-4528.0;0.0;0.0;0.0;0.0;0.0;0.0;0.0;0.0;0.0;0.0;0.0;0.0;0.0
67,2873379338781,34620.0,16,34620.0;-32618.0;-4528.0;0.0;0.0;0.0;0.0;0.0;0.0;0.0;0.0;0.0;0.0;0.0;0.0;0.0
68,2873379711448,34615.0,16,34615.0;-32618.0;-4528.0;0.0;0.0;0.0;0.0;0.0;0.0;0.0;0.0;0.0;0.0;0.0;0.0;0.0
69,2873379975448,34568.0,16,34568.0;-32618.0;-4528.0;0.0;0.0;0.0;0.0;0.0;0.0;0.0;0.0;0.0;0.0;0.0;0.0;0.0
70,2873380333448,34513.0,16,34513.0;-32618.0;-4528.0;0.0;0.0;0.0;0.0;0.0;0.0;0.0;0.0;0.0;0.0;0.0;0.0;0.0
71,2873380601448,34481.0,16,34481.0;-32618.0;-4528.0;0.0;0.0;0.0;0.0;0.0;0.0;0.0;0.0;0.0;0.0;0.0;0.0;0.0
72,2873574779543,34459.0,16,34459.0;-32618.0;-4528.0;0.0;0.0;0.0;0.0;0.0;0.0;0.0;0.0;0.0;0.0;0.0;0.0;0.0
73,2873575151543,34458.0,16,34458.0;-32618.0;-4528.0;0.0;0.0;0.0;0.0;0.0;0.0;0.0;0.0;0.0;0.0;0.0;0.0;0.0
74,2873575414877,34479.0,16,34479.0;-32618.0;-4528.0;0.0;0.0;0.0;0.0;0.0;0.0;0.0;0.0;0.0;0.0;0.0;0.0;0.0
75,2873575675544,34483.0,16,34483.0;-32618.0;-4528.0;0.0;0.0;0.0;0.0;0.0;0.0;0.0;0.0;0.0;0.0;0.0;0.0;0.0
76,2873575934877,34491.0,16,34491.0;-32618.0;-4528.0;0.0;0.0;0.0;0.0;0.0;0.0;0.0;0.0;0.0;0.0;0.0;0.0;0.0
77,2873778199643,34511.0,16,34511.0;-32618.0;-4528.0;0.0;0.0;0.0;0.0;0.0;0.0;0.0;0.0;0.0;0.0;0.0;0.0;0.0
78,2873778658309,34523.0,16,34523.0;-32618.0;-4528.0;0.0;0.0;0.0;0.0;0.0;0.0;0.0;0.0;0.0;0.0;0.0;0.0;0.0
79,2873778932310,34533.0,16,34533.0;-32618.0;-4528.0;0.0;0.0;0.0;0.0;0.0;0.0;0.0;0.0;0.0;0.0;0.0;0.0;0.0
80,2873779235643,34541.0,16,34541.0;-32618.0;-4528.0;0.0;0.0;0.0;0.0;0.0;0.0;0.0;0.0;0.0;0.0;0.0;0.0;0.0
81,2873779498310,34553.0,16,34553.0;-32618.0;-4528.0;0.0;0.0;0.0;0.0;0.0;0.0;0.0;0.0;0.0;0.0;0.0;0.0;0.0
82,2873979667741,34578.0,16,34578.0;-32618.0;-4528.0;0.0;0.0;0.0;0.0;0.0;0.0;0.0;0.0;0.0;0.0;0.0;0.0;0.0
83,2873980101075,34600.0,16,34600.0;-32618.0;-4528.0;0.0;0.0;0.0;0.0;0.0;0.0;0.0;0.0;0.0;0.0;0.0;0.0;0.0
84,2873980370408,34628.0,16,34628.0;-32618.0;-4528.0;0.0;0.0;0.0;0.0;0.0;0.0;0.0;0.0;0.0;0.0;0.0;0.0;0.0
85,2873980636408,34644.0,16,34644.0;-32618.0;-4528.0;0.0;0.0;0.0;0.0;0.0;0.0;0.0;0.0;0.0;0.0;0.0;0.0;0.0
86,2873980901075,34660.0,16,34660.0;-32618.0;-4528.0;0.0;0.0;0.0;0.0;0.0;0.0;0.0;0.0;0.0;0.0;0.0;0.0;0.0
87,2874183103174,34693.0,16,34693.0;-32618.0;-4528.0;0.0;0.0;0.0;0.0;0.0;0.0;0.0;0.0;0.0;0.0;0.0;0.0;0.0
88,2874184212508,34718.0,16,34718.0;-32618.0;-4528.0;0.0;0.0;0.0;0.0;0.0;0.0;0.0;0.0;0.0;0.0;0.0;0.0;0.0
89,2874184483174,34725.0,16,34725.0;-32618.0;-4528.0;0.0;0.0;0.0;0.0;0.0;0.0;0.0;0.0;0.0;0.0;0.0;0.0;0.0
90,2874184745841,34686.0,16,34686.0;-32618.0;-4528.0;0.0;0.0;0.0;0.0;0.0;0.0;0.0;0.0;0.0;0.0;0.0;0.0;0.0
91,2874185106508,34621.0,16,34621.0;-32618.0;-4528.0;0.0;0.0;0.0;0.0;0.0;0.0;0.0;0.0;0.0;0.0;0.0;0.0;0.0
92,2874185373841,34571.0,16,34571.0;-32618.0;-4528.0;0.0;0.0;0.0;0.0;0.0;0.0;0.0;0.0;0.0;0.0;0.0;0.0;0.0
93,2874395529277,34543.0,16,34543.0;-32618.0;-4528.0;0.0;0.0;0.0;0.0;0.0;0.0;0.0;0.0;0.0;0.0;0.0;0.0;0.0
94,2874395901944,34544.0,16,34544.0;-32618.0;-4528.0;0.0;0.0;0.0;0.0;0.0;0.0;0.0;0.0;0.0;0.0;0.0;0.0;0.0
95,2874396165944,34558.0,16,34558.0;-32618.0;-4528.0;0.0;0.0;0.0;0.0;0.0;0.0;0.0;0.0;0.0;0.0;0.0;0.0;0.0
96,2874398412612,34570.0,16,34570.0;-32618.0;-4528.0;0.0;0.0;0.0;0.0;0.0;0.0;0.0;0.0;0.0;0.0;0.0;0.0;0.0
97,2874398742612,34582.0,16,34582.0;-32618.0;-4528.0;0.0;0.0;0.0;0.0;0.0;0.0;0.0;0.0;0.0;0.0;0.0;0.0;0.0
98,2874592082040,34587.0,16,34587.0;-32618.0;-4528.0;0.0;0.0;0.0;0.0;0.0;0.0;0.0;0.0;0.0;0.0;0.0;0.0;0.0
99,2874592451374,34597.0,16,34597.0;-32618.0;-4528.0;0.0;0.0;0.0;0.0;0.0;0.0;0.0;0.0;0.0;0.0;0.0;0.0;0.0
100,2874592714040,34613.0,16,34613.0;-32618.0;-4528.0;0.0;0.0;0.0;0.0;0.0;0.0;0.0;0.0;0.0;0.0;0.0;0.0;0.0
101,2874592986707,34624.0,16,34624.0;-32618.0;-4528.0;0.0;0.0;0.0;0.0;0.0;0.0;0.0;0.0;0.0;0.0;0.0;0.0;0.0
102,2874593255374,34636.0,16,34636.0;-32618.0;-4528.0;0.0;0.0;0.0;0.0;0.0;0.0;0.0;0.0;0.0;0.0;0.0;0.0;0.0
103,2874795647473,34647.0,16,34647.0;-32618.0;-4528.0;0.0;0.0;0.0;0.0;0.0;0.0;0.0;0.0;0.0;0.0;0.0;0.0;0.0
104,2874796020140,34670.0,16,34670.0;-32618.0;-4528.0;0.0;0.0;0.0;0.0;0.0;0.0;0.0;0.0;0.0;0.0;0.0;0.0;0.0
105,2874796304806,34696.0,16,34696.0;-32618.0;-4528.0;0.0;0.0;0.0;0.0;0.0;0.0;0.0;0.0;0.0;0.0;0.0;0.0;0.0
106,2874796570140,34718.0,16,34718.0;-32618.0;-4528.0;0.0;0.0;0.0;0.0;0.0;0.0;0.0;0.0;0.0;0.0;0.0;0.0;0.0
107,2874796833473,34744.0,16,34744.0;-32618.0;-4528.0;0.0;0.0;0.0;0.0;0.0;0.0;0.0;0.0;0.0;0.0;0.0;0.0;0.0
108,2874992092235,34764.0,16,34764.0;-32645.0;1.0;0.0;0.0;0.0;0.0;0.0;0.0;0.0;0.0;0.0;0.0;0.0;0.0;0.0
109,2874992464902,34783.0,16,34783.0;-32645.0;1.0;0.0;0.0;0.0;0.0;0.0;0.0;0.0;0.0;0.0;0.0;0.0;0.0;0.0
110,2874992732236,34766.0,16,34766.0;-32645.0;1.0;0.0;0.0;0.0;0.0;0.0;0.0;0.0;0.0;0.0;0.0;0.0;0.0;0.0
111,2874992994236,34701.0,16,34701.0;-32645.0;1.0;0.0;0.0;0.0;0.0;0.0;0.0;0.0;0.0;0.0;0.0;0.0;0.0;0.0
112,2874993255569,34646.0,16,34646.0;-32645.0;1.0;0.0;0.0;0.0;0.0;0.0;0.0;0.0;0.0;0.0;0.0;0.0;0.0;0.0
113,2875196487668,34592.0,16,34592.0;-32618.0;-4528.0;0.0;0.0;0.0;0.0;0.0;0.0;0.0;0.0;0.0;0.0;0.0;0.0;0.0
114,2875196866335,34587.0,16,34587.0;-32618.0;-4528.0;0.0;0.0;0.0;0.0;0.0;0.0;0.0;0.0;0.0;0.0;0.0;0.0;0.0
115,2875197134335,34576.0,16,34576.0;-32618.0;-4528.0;0.0;0.0;0.0;0.0;0.0;0.0;0.0;0.0;0.0;0.0;0.0;0.0;0.0
116,2875197464336,34595.0,16,34595.0;-32618.0;-4528.0;0.0;0.0;0.0;0.0;0.0;0.0;0.0;0.0;0.0;0.0;0.0;0.0;0.0
117,2875197734336,34595.0,16,34595.0;-32618.0;-4528.0;0.0;0.0;0.0;0.0;0.0;0.0;0.0;0.0;0.0;0.0;0.0;0.0;0.0
118,2875409760439,34610.0,16,34610.0;-32618.0;-4528.0;0.0;0.0;0.0;0.0;0.0;0.0;0.0;0.0;0.0;0.0;0.0;0.0;0.0
119,2875410219773,34611.0,16,34611.0;-32618.0;-4528.0;0.0;0.0;0.0;0.0;0.0;0.0;0.0;0.0;0.0;0.0;0.0;0.0;0.0
120,2875410496440,34622.0,16,34622.0;-32618.0;-4528.0;0.0;0.0;0.0;0.0;0.0;0.0;0.0;0.0;0.0;0.0;0.0;0.0;0.0
121,2875410763773,34632.0,16,34632.0;-32618.0;-4528.0;0.0;0.0;0.0;0.0;0.0;0.0;0.0;0.0;0.0;0.0;0.0;0.0;0.0
122,2875411099107,34645.0,16,34645.0;-32618.0;-4528.0;0.0;0.0;0.0;0.0;0.0;0.0;0.0;0.0;0.0;0.0;0.0;0.0;0.0
123,2875599103198,34653.0,16,34653.0;-32618.0;-4528.0;0.0;0.0;0.0;0.0;0.0;0.0;0.0;0.0;0.0;0.0;0.0;0.0;0.0
124,2875599480532,34675.0,16,34675.0;-32618.0;-4528.0;0.0;0.0;0.0;0.0;0.0;0.0;0.0;0.0;0.0;0.0;0.0;0.0;0.0
125,2875599752532,34696.0,16,34696.0;-32618.0;-4528.0;0.0;0.0;0.0;0.0;0.0;0.0;0.0;0.0;0.0;0.0;0.0;0.0;0.0
126,2875603376534,34719.0,16,34719.0;-32618.0;-4528.0;0.0;0.0;0.0;0.0;0.0;0.0;0.0;0.0;0.0;0.0;0.0;0.0;0.0
127,2875603707867,34746.0,16,34746.0;-32618.0;-4528.0;0.0;0.0;0.0;0.0;0.0;0.0;0.0;0.0;0.0;0.0;0.0;0.0;0.0
128,2875804065965,34770.0,16,34770.0;-32618.0;-4528.0;0.0;0.0;0.0;0.0;0.0;0.0;0.0;0.0;0.0;0.0;0.0;0.0;0.0
129,2875804506632,34785.0,16,34785.0;-32618.0;-4528.0;0.0;0.0;0.0;0.0;0.0;0.0;0.0;0.0;0.0;0.0;0.0;0.0;0.0
130,2875804775299,34785.0,16,34785.0;-32618.0;-4528.0;0.0;0.0;0.0;0.0;0.0;0.0;0.0;0.0;0.0;0.0;0.0;0.0;0.0
131,2875805066632,34735.0,16,34735.0;-32618.0;-4528.0;0.0;0.0;0.0;0.0;0.0;0.0;0.0;0.0;0.0;0.0;0.0;0.0;0.0
132,2875805332632,34666.0,16,34666.0;-32618.0;-4528.0;0.0;0.0;0.0;0.0;0.0;0.0;0.0;0.0;0.0;0.0;0.0;0.0;0.0
133,2876005064730,34602.0,16,34602.0;-32618.0;-4528.0;0.0;0.0;0.0;0.0;0.0;0.0;0.0;0.0;0.0;0.0;0.0;0.0;0.0
134,2876005438063,34573.0,16,34573.0;-32618.0;-4528.0;0.0;0.0;0.0;0.0;0.0;0.0;0.0;0.0;0.0;0.0;0.0;0.0;0.0
135,2876005711397,34572.0,16,34572.0;-32618.0;-4528.0;0.0;0.0;0.0;0.0;0.0;0.0;0.0;0.0;0.0;0.0;0.0;0.0;0.0
136,2876006050064,34572.0,16,34572.0;-32618.0;-4528.0;0.0;0.0;0.0;0.0;0.0;0.0;0.0;0.0;0.0;0.0;0.0;0.0;0.0
137,2876006318064,34577.0,16,34577.0;-32618.0;-4528.0;0.0;0.0;0.0;0.0;0.0;0.0;0.0;0.0;0.0;0.0;0.0;0.0;0.0
138,2876207508829,34595.0,16,34595.0;-32618.0;-4528.0;0.0;0.0;0.0;0.0;0.0;0.0;0.0;0.0;0.0;0.0;0.0;0.0;0.0
139,2876207883496,34609.0,16,34609.0;-32618.0;-4528.0;0.0;0.0;0.0;0.0;0.0;0.0;0.0;0.0;0.0;0.0;0.0;0.0;0.0
140,2876208196162,34610.0,16,34610.0;-32618.0;-4528.0;0.0;0.0;0.0;0.0;0.0;0.0;0.0;0.0;0.0;0.0;0.0;0.0;0.0
141,2876208516829,34620.0,16,34620.0;-32618.0;-4528.0;0.0;0.0;0.0;0.0;0.0;0.0;0.0;0.0;0.0;0.0;0.0;0.0;0.0
142,2876208781496,34636.0,16,34636.0;-32618.0;-4528.0;0.0;0.0;0.0;0.0;0.0;0.0;0.0;0.0;0.0;0.0;0.0;0.0;0.0
143,2876209046830,34656.0,16,34656.0;-32618.0;-4528.0;0.0;0.0;0.0;0.0;0.0;0.0;0.0;0.0;0.0;0.0;0.0;0.0;0.0
144,2876420893600,34667.0,16,34667.0;-32618.0;-4528.0;0.0;0.0;0.0;0.0;0.0;0.0;0.0;0.0;0.0;0.0;0.0;0.0;0.0
145,2876421285600,34684.0,16,34684.0;-32618.0;-4528.0;0.0;0.0;0.0;0.0;0.0;0.0;0.0;0.0;0.0;0.0;0.0;0.0;0.0
146,2876421555600,34710.0,16,34710.0;-32618.0;-4528.0;0.0;0.0;0.0;0.0;0.0;0.0;0.0;0.0;0.0;0.0;0.0;0.0;0.0
147,2876421825600,34729.0,16,34729.0;-32618.0;-4528.0;0.0;0.0;0.0;0.0;0.0;0.0;0.0;0.0;0.0;0.0;0.0;0.0;0.0
148,2876422092934,34759.0,16,34759.0;-32618.0;-4528.0;0.0;0.0;0.0;0.0;0.0;0.0;0.0;0.0;0.0;0.0;0.0;0.0;0.0
149,2876611344359,34775.0,16,34775.0;-32645.0;1.0;0.0;0.0;0.0;0.0;0.0;0.0;0.0;0.0;0.0;0.0;0.0;0.0;0.0
150,2876611721693,34790.0,16,34790.0;-32645.0;1.0;0.0;0.0;0.0;0.0;0.0;0.0;0.0;0.0;0.0;0.0;0.0;0.0;0.0
151,2876611990360,34761.0,16,34761.0;-32645.0;1.0;0.0;0.0;0.0;0.0;0.0;0.0;0.0;0.0;0.0;0.0;0.0;0.0;0.0
152,2876612257026,34703.0,16,34703.0;-32645.0;1.0;0.0;0.0;0.0;0.0;0.0;0.0;0.0;0.0;0.0;0.0;0.0;0.0;0.0
153,2876612519693,34656.0,16,34656.0;-32645.0;1.0;0.0;0.0;0.0;0.0;0.0;0.0;0.0;0.0;0.0;0.0;0.0;0.0;0.0
154,2876814777792,34631.0,16,34631.0;-32618.0;-4528.0;0.0;0.0;0.0;0.0;0.0;0.0;0.0;0.0;0.0;0.0;0.0;0.0;0.0
155,2876815155792,34629.0,16,34629.0;-32618.0;-4528.0;0.0;0.0;0.0;0.0;0.0;0.0;0.0;0.0;0.0;0.0;0.0;0.0;0.0
156,2876815425792,34638.0,16,34638.0;-32618.0;-4528.0;0.0;0.0;0.0;0.0;0.0;0.0;0.0;0.0;0.0;0.0;0.0;0.0;0.0
157,2876815750459,34660.0,16,34660.0;-32618.0;-4528.0;0.0;0.0;0.0;0.0;0.0;0.0;0.0;0.0;0.0;0.0;0.0;0.0;0.0
158,2876816046459,34670.0,16,34670.0;-32618.0;-4528.0;0.0;0.0;0.0;0.0;0.0;0.0;0.0;0.0;0.0;0.0;0.0;0.0;0.0
159,2877016207224,34683.0,16,34683.0;-32618.0;-4528.0;0.0;0.0;0.0;0.0;0.0;0.0;0.0;0.0;0.0;0.0;0.0;0.0;0.0
160,2877018229225,34687.0,16,34687.0;-32618.0;-4528.0;0.0;0.0;0.0;0.0;0.0;0.0;0.0;0.0;0.0;0.0;0.0;0.0;0.0
161,2877018538558,34689.0,16,34689.0;-32618.0;-4528.0;0.0;0.0;0.0;0.0;0.0;0.0;0.0;0.0;0.0;0.0;0.0;0.0;0.0
162,2877018805225,34704.0,16,34704.0;-32618.0;-4528.0;0.0;0.0;0.0;0.0;0.0;0.0;0.0;0.0;0.0;0.0;0.0;0.0;0.0
163,2877019073225,34726.0,16,34726.0;-32618.0;-4528.0;0.0;0.0;0.0;0.0;0.0;0.0;0.0;0.0;0.0;0.0;0.0;0.0;0.0
164,2877218534656,34741.0,16,34741.0;-32618.0;-4528.0;0.0;0.0;0.0;0.0;0.0;0.0;0.0;0.0;0.0;0.0;0.0;0.0;0.0
165,2877218950656,34769.0,16,34769.0;-32618.0;-4528.0;0.0;0.0;0.0;0.0;0.0;0.0;0.0;0.0;0.0;0.0;0.0;0.0;0.0
166,2877219272656,34786.0,16,34786.0;-32618.0;-4528.0;0.0;0.0;0.0;0.0;0.0;0.0;0.0;0.0;0.0;0.0;0.0;0.0;0.0
167,2877219585323,34813.0,16,34813.0;-32618.0;-4528.0;0.0;0.0;0.0;0.0;0.0;0.0;0.0;0.0;0.0;0.0;0.0;0.0;0.0
168,2877219853323,34832.0,16,34832.0;-32618.0;-4528.0;0.0;0.0;0.0;0.0;0.0;0.0;0.0;0.0;0.0;0.0;0.0;0.0;0.0
169,2877435236095,34859.0,16,34859.0;-32618.0;-4528.0;0.0;0.0;0.0;0.0;0.0;0.0;0.0;0.0;0.0;0.0;0.0;0.0;0.0
170,2877435625428,34862.0,16,34862.0;-32618.0;-4528.0;0.0;0.0;0.0;0.0;0.0;0.0;0.0;0.0;0.0;0.0;0.0;0.0;0.0
171,2877435896095,34824.0,16,34824.0;-32618.0;-4528.0;0.0;0.0;0.0;0.0;0.0;0.0;0.0;0.0;0.0;0.0;0.0;0.0;0.0
172,2877436161429,34779.0,16,34779.0;-32618.0;-4528.0;0.0;0.0;0.0;0.0;0.0;0.0;0.0;0.0;0.0;0.0;0.0;0.0;0.0
173,2877436425429,34746.0,16,34746.0;-32618.0;-4528.0;0.0;0.0;0.0;0.0;0.0;0.0;0.0;0.0;0.0;0.0;0.0;0.0;0.0
174,2877623414187,34736.0,16,34736.0;-32618.0;-4528.0;0.0;0.0;0.0;0.0;0.0;0.0;0.0;0.0;0.0;0.0;0.0;0.0;0.0
175,2877623837520,34758.0,16,34758.0;-32618.0;-4528.0;0.0;0.0;0.0;0.0;0.0;0.0;0.0;0.0;0.0;0.0;0.0;0.0;0.0
176,2877624182854,34773.0,16,34773.0;-32618.0;-4528.0;0.0;0.0;0.0;0.0;0.0;0.0;0.0;0.0;0.0;0.0;0.0;0.0;0.0
177,2877625046854,34783.0,16,34783.0;-32618.0;-4528.0;0.0;0.0;0.0;0.0;0.0;0.0;0.0;0.0;0.0;0.0;0.0;0.0;0.0
178,2877625320854,34805.0,16,34805.0;-32618.0;-4528.0;0.0;0.0;0.0;0.0;0.0;0.0;0.0;0.0;0.0;0.0;0.0;0.0;0.0
179,2877826807619,34812.0,16,34812.0;-32618.0;-4528.0;0.0;0.0;0.0;0.0;0.0;0.0;0.0;0.0;0.0;0.0;0.0;0.0;0.0
180,2877827201620,34833.0,16,34833.0;-32618.0;-4528.0;0.0;0.0;0.0;0.0;0.0;0.0;0.0;0.0;0.0;0.0;0.0;0.0;0.0
181,2877827470286,34846.0,16,34846.0;-32618.0;-4528.0;0.0;0.0;0.0;0.0;0.0;0.0;0.0;0.0;0.0;0.0;0.0;0.0;0.0
182,2877827736953,34861.0,16,34861.0;-32618.0;-4528.0;0.0;0.0;0.0;0.0;0.0;0.0;0.0;0.0;0.0;0.0;0.0;0.0;0.0
183,2877828003620,34882.0,16,34882.0;-32618.0;-4528.0;0.0;0.0;0.0;0.0;0.0;0.0;0.0;0.0;0.0;0.0;0.0;0.0;0.0
184,2878029252385,34899.0,16,34899.0;-32618.0;-4528.0;0.0;0.0;0.0;0.0;0.0;0.0;0.0;0.0;0.0;0.0;0.0;0.0;0.0
185,2878029696385,34923.0,16,34923.0;-32618.0;-4528.0;0.0;0.0;0.0;0.0;0.0;0.0;0.0;0.0;0.0;0.0;0.0;0.0;0.0
186,2878029971052,34951.0,16,34951.0;-32618.0;-4528.0;0.0;0.0;0.0;0.0;0.0;0.0;0.0;0.0;0.0;0.0;0.0;0.0;0.0
187,2878030346386,34981.0,16,34981.0;-32618.0;-4528.0;0.0;0.0;0.0;0.0;0.0;0.0;0.0;0.0;0.0;0.0;0.0;0.0;0.0
188,2878030619719,35004.0,16,35004.0;-32618.0;-4528.0;0.0;0.0;0.0;0.0;0.0;0.0;0.0;0.0;0.0;0.0;0.0;0.0;0.0
189,2878030887719,35014.0,16,35014.0;-32618.0;-4528.0;0.0;0.0;0.0;0.0;0.0;0.0;0.0;0.0;0.0;0.0;0.0;0.0;0.0
190,2878230691150,34992.0,16,34992.0;-32618.0;-4528.0;0.0;0.0;0.0;0.0;0.0;0.0;0.0;0.0;0.0;0.0;0.0;0.0;0.0
191,2878231084484,34949.0,16,34949.0;-32618.0;-4528.0;0.0;0.0;0.0;0.0;0.0;0.0;0.0;0.0;0.0;0.0;0.0;0.0;0.0
192,2878232062484,34932.0,16,34932.0;-32618.0;-4528.0;0.0;0.0;0.0;0.0;0.0;0.0;0.0;0.0;0.0;0.0;0.0;0.0;0.0
193,2878232352484,34937.0,16,34937.0;-32618.0;-4528.0;0.0;0.0;0.0;0.0;0.0;0.0;0.0;0.0;0.0;0.0;0.0;0.0;0.0
194,2878232655818,34947.0,16,34947.0;-32618.0;-4528.0;0.0;0.0;0.0;0.0;0.0;0.0;0.0;0.0;0.0;0.0;0.0;0.0;0.0
195,2878448116590,34962.0,16,34962.0;-32618.0;-4528.0;0.0;0.0;0.0;0.0;0.0;0.0;0.0;0.0;0.0;0.0;0.0;0.0;0.0
196,2878448490590,34987.0,16,34987.0;-32618.0;-4528.0;0.0;0.0;0.0;0.0;0.0;0.0;0.0;0.0;0.0;0.0;0.0;0.0;0.0
197,2878448760590,35001.0,16,35001.0;-32618.0;-4528.0;0.0;0.0;0.0;0.0;0.0;0.0;0.0;0.0;0.0;0.0;0.0;0.0;0.0
198,2878449024590,35011.0,16,35011.0;-32618.0;-4528.0;0.0;0.0;0.0;0.0;0.0;0.0;0.0;0.0;0.0;0.0;0.0;0.0;0.0
199,2878449289257,35037.0,16,35037.0;-32618.0;-4528.0;0.0;0.0;0.0;0.0;0.0;0.0;0.0;0.0;0.0;0.0;0.0;0.0;0.0
200,2878636446681,35053.0,16,35053.0;-32645.0;3.0;0.0;0.0;0.0;0.0;0.0;0.0;0.0;0.0;0.0;0.0;0.0;0.0;0.0
201,2878636836015,35077.0,16,35077.0;-32645.0;3.0;0.0;0.0;0.0;0.0;0.0;0.0;0.0;0.0;0.0;0.0;0.0;0.0;0.0
202,2878637102682,35092.0,16,35092.0;-32645.0;3.0;0.0;0.0;0.0;0.0;0.0;0.0;0.0;0.0;0.0;0.0;0.0;0.0;0.0
203,2878637480015,35115.0,16,35115.0;-32645.0;3.0;0.0;0.0;0.0;0.0;0.0;0.0;0.0;0.0;0.0;0.0;0.0;0.0;0.0
204,2878638485349,35125.0,16,35125.0;-32645.0;3.0;0.0;0.0;0.0;0.0;0.0;0.0;0.0;0.0;0.0;0.0;0.0;0.0;0.0
205,2878839232114,35149.0,16,35149.0;-32618.0;-4528.0;0.0;0.0;0.0;0.0;0.0;0.0;0.0;0.0;0.0;0.0;0.0;0.0;0.0
206,2878839620114,35180.0,16,35180.0;-32618.0;-4528.0;0.0;0.0;0.0;0.0;0.0;0.0;0.0;0.0;0.0;0.0;0.0;0.0;0.0
207,2878839889447,35197.0,16,35197.0;-32618.0;-4528.0;0.0;0.0;0.0;0.0;0.0;0.0;0.0;0.0;0.0;0.0;0.0;0.0;0.0
208,2878840276781,35179.0,16,35179.0;-32618.0;-4528.0;0.0;0.0;0.0;0.0;0.0;0.0;0.0;0.0;0.0;0.0;0.0;0.0;0.0
209,2878840544114,35156.0,16,35156.0;-32618.0;-4528.0;0.0;0.0;0.0;0.0;0.0;0.0;0.0;0.0;0.0;0.0;0.0;0.0;0.0
210,2879040384212,35126.0,16,35126.0;-32618.0;-4528.0;0.0;0.0;0.0;0.0;0.0;0.0;0.0;0.0;0.0;0.0;0.0;0.0;0.0
211,2879040816212,35126.0,16,35126.0;-32618.0;-4528.0;0.0;0.0;0.0;0.0;0.0;0.0;0.0;0.0;0.0;0.0;0.0;0.0;0.0
212,2879041114879,35133.0,16,35133.0;-32618.0;-4528.0;0.0;0.0;0.0;0.0;0.0;0.0;0.0;0.0;0.0;0.0;0.0;0.0;0.0
213,2879041388213,35149.0,16,35149.0;-32618.0;-4528.0;0.0;0.0;0.0;0.0;0.0;0.0;0.0;0.0;0.0;0.0;0.0;0.0;0.0
214,2879041654213,35166.0,16,35166.0;-32618.0;-4528.0;0.0;0.0;0.0;0.0;0.0;0.0;0.0;0.0;0.0;0.0;0.0;0.0;0.0
215,2879242770311,35176.0,16,35176.0;-32618.0;-4528.0;0.0;0.0;0.0;0.0;0.0;0.0;0.0;0.0;0.0;0.0;0.0;0.0;0.0
216,2879243144978,35202.0,16,35202.0;-32618.0;-4528.0;0.0;0.0;0.0;0.0;0.0;0.0;0.0;0.0;0.0;0.0;0.0;0.0;0.0
217,2879243480311,35216.0,16,35216.0;-32618.0;-4528.0;0.0;0.0;0.0;0.0;0.0;0.0;0.0;0.0;0.0;0.0;0.0;0.0;0.0
218,2879243749645,35230.0,16,35230.0;-32618.0;-4528.0;0.0;0.0;0.0;0.0;0.0;0.0;0.0;0.0;0.0;0.0;0.0;0.0;0.0
219,2879244023645,35245.0,16,35245.0;-32618.0;-4528.0;0.0;0.0;0.0;0.0;0.0;0.0;0.0;0.0;0.0;0.0;0.0;0.0;0.0
220,2879460532417,35257.0,16,35257.0;-32645.0;3.0;0.0;0.0;0.0;0.0;0.0;0.0;0.0;0.0;0.0;0.0;0.0;0.0;0.0
221,2879460965084,35276.0,16,35276.0;-32645.0;3.0;0.0;0.0;0.0;0.0;0.0;0.0;0.0;0.0;0.0;0.0;0.0;0.0;0.0
222,2879461235751,35292.0,16,35292.0;-32645.0;3.0;0.0;0.0;0.0;0.0;0.0;0.0;0.0;0.0;0.0;0.0;0.0;0.0;0.0
223,2879461496418,35308.0,16,35308.0;-32645.0;3.0;0.0;0.0;0.0;0.0;0.0;0.0;0.0;0.0;0.0;0.0;0.0;0.0;0.0
224,2879462515085,35329.0,16,35329.0;-32645.0;3.0;0.0;0.0;0.0;0.0;0.0;0.0;0.0;0.0;0.0;0.0;0.0;0.0;0.0
225,2879647704509,35315.0,16,35315.0;-32618.0;-4528.0;0.0;0.0;0.0;0.0;0.0;0.0;0.0;0.0;0.0;0.0;0.0;0.0;0.0
226,2879648075842,35288.0,16,35288.0;-32618.0;-4528.0;0.0;0.0;0.0;0.0;0.0;0.0;0.0;0.0;0.0;0.0;0.0;0.0;0.0
227,2879648342509,35269.0,16,35269.0;-32618.0;-4528.0;0.0;0.0;0.0;0.0;0.0;0.0;0.0;0.0;0.0;0.0;0.0;0.0;0.0
228,2879648609842,35250.0,16,35250.0;-32618.0;-4528.0;0.0;0.0;0.0;0.0;0.0;0.0;0.0;0.0;0.0;0.0;0.0;0.0;0.0
229,2879648941843,35267.0,16,35267.0;-32618.0;-4528.0;0.0;0.0;0.0;0.0;0.0;0.0;0.0;0.0;0.0;0.0;0.0;0.0;0.0
230,2879851193941,35277.0,16,35277.0;-32618.0;-4528.0;0.0;0.0;0.0;0.0;0.0;0.0;0.0;0.0;0.0;0.0;0.0;0.0;0.0
231,2879851582608,35297.0,16,35297.0;-32618.0;-4528.0;0.0;0.0;0.0;0.0;0.0;0.0;0.0;0.0;0.0;0.0;0.0;0.0;0.0
232,2879851851942,35305.0,16,35305.0;-32618.0;-4528.0;0.0;0.0;0.0;0.0;0.0;0.0;0.0;0.0;0.0;0.0;0.0;0.0;0.0
233,2879852115275,35310.0,16,35310.0;-32618.0;-4528.0;0.0;0.0;0.0;0.0;0.0;0.0;0.0;0.0;0.0;0.0;0.0;0.0;0.0
234,2879852376609,35323.0,16,35323.0;-32618.0;-4528.0;0.0;0.0;0.0;0.0;0.0;0.0;0.0;0.0;0.0;0.0;0.0;0.0;0.0
235,2879852639275,35344.0,16,35344.0;-32618.0;-4528.0;0.0;0.0;0.0;0.0;0.0;0.0;0.0;0.0;0.0;0.0;0.0;0.0;0.0
236,2880052634706,35352.0,16,35352.0;-32618.0;-4528.0;0.0;0.0;0.0;0.0;0.0;0.0;0.0;0.0;0.0;0.0;0.0;0.0;0.0
237,2880053005373,35371.0,16,35371.0;-32618.0;-4528.0;0.0;0.0;0.0;0.0;0.0;0.0;0.0;0.0;0.0;0.0;0.0;0.0;0.0
238,2880053325373,35387.0,16,35387.0;-32618.0;-4528.0;0.0;0.0;0.0;0.0;0.0;0.0;0.0;0.0;0.0;0.0;0.0;0.0;0.0
239,2880053617373,35399.0,16,35399.0;-32618.0;-4528.0;0.0;0.0;0.0;0.0;0.0;0.0;0.0;0.0;0.0;0.0;0.0;0.0;0.0
240,2880053886040,35423.0,16,35423.0;-32618.0;-4528.0;0.0;0.0;0.0;0.0;0.0;0.0;0.0;0.0;0.0;0.0;0.0;0.0;0.0
241,2880258822807,35418.0,16,35418.0;-32618.0;-4528.0;0.0;0.0;0.0;0.0;0.0;0.0;0.0;0.0;0.0;0.0;0.0;0.0;0.0
242,2880259255474,35399.0,16,35399.0;-32618.0;-4528.0;0.0;0.0;0.0;0.0;0.0;0.0;0.0;0.0;0.0;0.0;0.0;0.0;0.0
243,2880259524807,35371.0,16,35371.0;-32618.0;-4528.0;0.0;0.0;0.0;0.0;0.0;0.0;0.0;0.0;0.0;0.0;0.0;0.0;0.0
244,2880259792141,35343.0,16,35343.0;-32618.0;-4528.0;0.0;0.0;0.0;0.0;0.0;0.0;0.0;0.0;0.0;0.0;0.0;0.0;0.0
245,2880260158141,35337.0,16,35337.0;-32618.0;-4528.0;0.0;0.0;0.0;0.0;0.0;0.0;0.0;0.0;0.0;0.0;0.0;0.0;0.0
246,2880472620911,35338.0,16,35338.0;-32618.0;-4528.0;0.0;0.0;0.0;0.0;0.0;0.0;0.0;0.0;0.0;0.0;0.0;0.0;0.0
247,2880473000912,35349.0,16,35349.0;-32618.0;-4528.0;0.0;0.0;0.0;0.0;0.0;0.0;0.0;0.0;0.0;0.0;0.0;0.0;0.0
248,2880474361579,35361.0,16,35361.0;-32618.0;-4528.0;0.0;0.0;0.0;0.0;0.0;0.0;0.0;0.0;0.0;0.0;0.0;0.0;0.0
249,2880474634246,35372.0,16,35372.0;-32618.0;-4528.0;0.0;0.0;0.0;0.0;0.0;0.0;0.0;0.0;0.0;0.0;0.0;0.0;0.0
250,2880474900912,35379.0,16,35379.0;-32618.0;-4528.0;0.0;0.0;0.0;0.0;0.0;0.0;0.0;0.0;0.0;0.0;0.0;0.0;0.0
251,2880661017003,35385.0,16,35385.0;-32618.0;-4528.0;0.0;0.0;0.0;0.0;0.0;0.0;0.0;0.0;0.0;0.0;0.0;0.0;0.0
252,2880661400337,35390.0,16,35390.0;-32618.0;-4528.0;0.0;0.0;0.0;0.0;0.0;0.0;0.0;0.0;0.0;0.0;0.0;0.0;0.0
253,2880661673670,35401.0,16,35401.0;-32618.0;-4528.0;0.0;0.0;0.0;0.0;0.0;0.0;0.0;0.0;0.0;0.0;0.0;0.0;0.0
254,2880661940337,35417.0,16,35417.0;-32618.0;-4528.0;0.0;0.0;0.0;0.0;0.0;0.0;0.0;0.0;0.0;0.0;0.0;0.0;0.0
255,2880662270337,35423.0,16,35423.0;-32618.0;-4528.0;0.0;0.0;0.0;0.0;0.0;0.0;0.0;0.0;0.0;0.0;0.0;0.0;0.0
256,2880863411769,35439.0,16,35439.0;-32618.0;-4528.0;0.0;0.0;0.0;0.0;0.0;0.0;0.0;0.0;0.0;0.0;0.0;0.0;0.0
257,2880863844436,35446.0,16,35446.0;-32618.0;-4528.0;0.0;0.0;0.0;0.0;0.0;0.0;0.0;0.0;0.0;0.0;0.0;0.0;0.0
258,2880864113103,35422.0,16,35422.0;-32618.0;-4528.0;0.0;0.0;0.0;0.0;0.0;0.0;0.0;0.0;0.0;0.0;0.0;0.0;0.0
259,2880864377769,35377.0,16,35377.0;-32618.0;-4528.0;0.0;0.0;0.0;0.0;0.0;0.0;0.0;0.0;0.0;0.0;0.0;0.0;0.0
260,2880864642436,35337.0,16,35337.0;-32618.0;-4528.0;0.0;0.0;0.0;0.0;0.0;0.0;0.0;0.0;0.0;0.0;0.0;0.0;0.0
261,2881065987868,35308.0,16,35308.0;-32645.0;3.0;0.0;0.0;0.0;0.0;0.0;0.0;0.0;0.0;0.0;0.0;0.0;0.0;0.0
262,2881066362535,35303.0,16,35303.0;-32645.0;3.0;0.0;0.0;0.0;0.0;0.0;0.0;0.0;0.0;0.0;0.0;0.0;0.0;0.0
263,2881069261869,35307.0,16,35307.0;-32645.0;3.0;0.0;0.0;0.0;0.0;0.0;0.0;0.0;0.0;0.0;0.0;0.0;0.0;0.0
264,2881069573870,35315.0,16,35315.0;-32645.0;3.0;0.0;0.0;0.0;0.0;0.0;0.0;0.0;0.0;0.0;0.0;0.0;0.0;0.0
265,2881069907203,35322.0,16,35322.0;-32645.0;3.0;0.0;0.0;0.0;0.0;0.0;0.0;0.0;0.0;0.0;0.0;0.0;0.0;0.0
266,2881270461968,35320.0,16,35320.0;-32618.0;-4528.0;0.0;0.0;0.0;0.0;0.0;0.0;0.0;0.0;0.0;0.0;0.0;0.0;0.0
267,2881270907968,35333.0,16,35333.0;-32618.0;-4528.0;0.0;0.0;0.0;0.0;0.0;0.0;0.0;0.0;0.0;0.0;0.0;0.0;0.0
268,2881271179968,35334.0,16,35334.0;-32618.0;-4528.0;0.0;0.0;0.0;0.0;0.0;0.0;0.0;0.0;0.0;0.0;0.0;0.0;0.0
269,2881271463301,35334.0,16,35334.0;-32618.0;-4528.0;0.0;0.0;0.0;0.0;0.0;0.0;0.0;0.0;0.0;0.0;0.0;0.0;0.0
270,2881271728635,35351.0,16,35351.0;-32618.0;-4528.0;0.0;0.0;0.0;0.0;0.0;0.0;0.0;0.0;0.0;0.0;0.0;0.0;0.0
271,2881481955404,35360.0,16,35360.0;-32618.0;-4528.0;0.0;0.0;0.0;0.0;0.0;0.0;0.0;0.0;0.0;0.0;0.0;0.0;0.0
272,2881482358738,35375.0,16,35375.0;-32618.0;-4528.0;0.0;0.0;0.0;0.0;0.0;0.0;0.0;0.0;0.0;0.0;0.0;0.0;0.0
273,2881482644738,35381.0,16,35381.0;-32618.0;-4528.0;0.0;0.0;0.0;0.0;0.0;0.0;0.0;0.0;0.0;0.0;0.0;0.0;0.0
274,2881482912738,35327.0,16,35327.0;-32618.0;-4528.0;0.0;0.0;0.0;0.0;0.0;0.0;0.0;0.0;0.0;0.0;0.0;0.0;0.0
275,2881483179405,35275.0,16,35275.0;-32618.0;-4528.0;0.0;0.0;0.0;0.0;0.0;0.0;0.0;0.0;0.0;0.0;0.0;0.0;0.0
276,2881673206831,35225.0,16,35225.0;-32618.0;-4528.0;0.0;0.0;0.0;0.0;0.0;0.0;0.0;0.0;0.0;0.0;0.0;0.0;0.0
277,2881673618164,35186.0,16,35186.0;-32618.0;-4528.0;0.0;0.0;0.0;0.0;0.0;0.0;0.0;0.0;0.0;0.0;0.0;0.0;0.0
278,2881673888165,35180.0,16,35180.0;-32618.0;-4528.0;0.0;0.0;0.0;0.0;0.0;0.0;0.0;0.0;0.0;0.0;0.0;0.0;0.0
279,2881674158831,35190.0,16,35190.0;-32618.0;-4528.0;0.0;0.0;0.0;0.0;0.0;0.0;0.0;0.0;0.0;0.0;0.0;0.0;0.0
280,2881674426165,35187.0,16,35187.0;-32618.0;-4528.0;0.0;0.0;0.0;0.0;0.0;0.0;0.0;0.0;0.0;0.0;0.0;0.0;0.0
281,2881674692832,35180.0,16,35180.0;-32618.0;-4528.0;0.0;0.0;0.0;0.0;0.0;0.0;0.0;0.0;0.0;0.0;0.0;0.0;0.0
282,2881875672930,35175.0,16,35175.0;-32618.0;-4528.0;0.0;0.0;0.0;0.0;0.0;0.0;0.0;0.0;0.0;0.0;0.0;0.0;0.0
283,2881876068930,35175.0,16,35175.0;-32618.0;-4528.0;0.0;0.0;0.0;0.0;0.0;0.0;0.0;0.0;0.0;0.0;0.0;0.0;0.0
284,2881877408264,35177.0,16,35177.0;-32618.0;-4528.0;0.0;0.0;0.0;0.0;0.0;0.0;0.0;0.0;0.0;0.0;0.0;0.0;0.0
285,2881877680931,35180.0,16,35180.0;-32618.0;-4528.0;0.0;0.0;0.0;0.0;0.0;0.0;0.0;0.0;0.0;0.0;0.0;0.0;0.0
286,2881877963598,35180.0,16,35180.0;-32618.0;-4528.0;0.0;0.0;0.0;0.0;0.0;0.0;0.0;0.0;0.0;0.0;0.0;0.0;0.0
287,2882076944361,35184.0,16,35184.0;-32618.0;-4528.0;0.0;0.0;0.0;0.0;0.0;0.0;0.0;0.0;0.0;0.0;0.0;0.0;0.0
288,2882078444362,35200.0,16,35200.0;-32618.0;-4528.0;0.0;0.0;0.0;0.0;0.0;0.0;0.0;0.0;0.0;0.0;0.0;0.0;0.0
289,2882078744362,35213.0,16,35213.0;-32618.0;-4528.0;0.0;0.0;0.0;0.0;0.0;0.0;0.0;0.0;0.0;0.0;0.0;0.0;0.0
290,2882079047029,35208.0,16,35208.0;-32618.0;-4528.0;0.0;0.0;0.0;0.0;0.0;0.0;0.0;0.0;0.0;0.0;0.0;0.0;0.0
291,2882079323696,35149.0,16,35149.0;-32618.0;-4528.0;0.0;0.0;0.0;0.0;0.0;0.0;0.0;0.0;0.0;0.0;0.0;0.0;0.0
292,2882279307794,35074.0,16,35074.0;-32618.0;-4528.0;0.0;0.0;0.0;0.0;0.0;0.0;0.0;0.0;0.0;0.0;0.0;0.0;0.0
293,2882279723794,35029.0,16,35029.0;-32618.0;-4528.0;0.0;0.0;0.0;0.0;0.0;0.0;0.0;0.0;0.0;0.0;0.0;0.0;0.0
294,2882279993794,34990.0,16,34990.0;-32618.0;-4528.0;0.0;0.0;0.0;0.0;0.0;0.0;0.0;0.0;0.0;0.0;0.0;0.0;0.0
295,2882280333794,34980.0,16,34980.0;-32618.0;-4528.0;0.0;0.0;0.0;0.0;0.0;0.0;0.0;0.0;0.0;0.0;0.0;0.0;0.0
296,2882280601794,34971.0,16,34971.0;-32618.0;-4528.0;0.0;0.0;0.0;0.0;0.0;0.0;0.0;0.0;0.0;0.0;0.0;0.0;0.0
297,2882496758566,34976.0,16,34976.0;-32618.0;-4528.0;0.0;0.0;0.0;0.0;0.0;0.0;0.0;0.0;0.0;0.0;0.0;0.0;0.0
298,2882497151233,34973.0,16,34973.0;-32618.0;-4528.0;0.0;0.0;0.0;0.0;0.0;0.0;0.0;0.0;0.0;0.0;0.0;0.0;0.0
299,2882497438567,34974.0,16,34974.0;-32618.0;-4528.0;0.0;0.0;0.0;0.0;0.0;0.0;0.0;0.0;0.0;0.0;0.0;0.0;0.0
300,2882497705234,34978.0,16,34978.0;-32618.0;-4528.0;0.0;0.0;0.0;0.0;0.0;0.0;0.0;0.0;0.0;0.0;0.0;0.0;0.0
301,2882497972567,34972.0,16,34972.0;-32618.0;-4528.0;0.0;0.0;0.0;0.0;0.0;0.0;0.0;0.0;0.0;0.0;0.0;0.0;0.0
302,2882684234658,34984.0,16,34984.0;-32618.0;-4528.0;0.0;0.0;0.0;0.0;0.0;0.0;0.0;0.0;0.0;0.0;0.0;0.0;0.0
303,2882684610658,34991.0,16,34991.0;-32618.0;-4528.0;0.0;0.0;0.0;0.0;0.0;0.0;0.0;0.0;0.0;0.0;0.0;0.0;0.0
304,2882684958658,34995.0,16,34995.0;-32618.0;-4528.0;0.0;0.0;0.0;0.0;0.0;0.0;0.0;0.0;0.0;0.0;0.0;0.0;0.0
305,2882685226658,35010.0,16,35010.0;-32618.0;-4528.0;0.0;0.0;0.0;0.0;0.0;0.0;0.0;0.0;0.0;0.0;0.0;0.0;0.0
306,2882685495325,35029.0,16,35029.0;-32618.0;-4528.0;0.0;0.0;0.0;0.0;0.0;0.0;0.0;0.0;0.0;0.0;0.0;0.0;0.0
307,2882887568757,35045.0,16,35045.0;-32618.0;-4528.0;0.0;0.0;0.0;0.0;0.0;0.0;0.0;0.0;0.0;0.0;0.0;0.0;0.0
308,2882888006091,35060.0,16,35060.0;-32618.0;-4528.0;0.0;0.0;0.0;0.0;0.0;0.0;0.0;0.0;0.0;0.0;0.0;0.0;0.0
309,2882888276758,35081.0,16,35081.0;-32618.0;-4528.0;0.0;0.0;0.0;0.0;0.0;0.0;0.0;0.0;0.0;0.0;0.0;0.0;0.0
310,2882888544091,35078.0,16,35078.0;-32618.0;-4528.0;0.0;0.0;0.0;0.0;0.0;0.0;0.0;0.0;0.0;0.0;0.0;0.0;0.0
311,2882888810091,35023.0,16,35023.0;-32618.0;-4528.0;0.0;0.0;0.0;0.0;0.0;0.0;0.0;0.0;0.0;0.0;0.0;0.0;0.0
312,2883089028856,34953.0,16,34953.0;-32618.0;-4528.0;0.0;0.0;0.0;0.0;0.0;0.0;0.0;0.0;0.0;0.0;0.0;0.0;0.0
313,2883089408189,34892.0,16,34892.0;-32618.0;-4528.0;0.0;0.0;0.0;0.0;0.0;0.0;0.0;0.0;0.0;0.0;0.0;0.0;0.0
314,2883089680856,34861.0,16,34861.0;-32618.0;-4528.0;0.0;0.0;0.0;0.0;0.0;0.0;0.0;0.0;0.0;0.0;0.0;0.0;0.0
315,2883089946856,34850.0,16,34850.0;-32618.0;-4528.0;0.0;0.0;0.0;0.0;0.0;0.0;0.0;0.0;0.0;0.0;0.0;0.0;0.0
316,2883090298856,34843.0,16,34843.0;-32618.0;-4528.0;0.0;0.0;0.0;0.0;0.0;0.0;0.0;0.0;0.0;0.0;0.0;0.0;0.0
317,2883306531628,34853.0,16,34853.0;-32618.0;-4528.0;0.0;0.0;0.0;0.0;0.0;0.0;0.0;0.0;0.0;0.0;0.0;0.0;0.0
318,2883306941629,34848.0,16,34848.0;-32618.0;-4528.0;0.0;0.0;0.0;0.0;0.0;0.0;0.0;0.0;0.0;0.0;0.0;0.0;0.0
319,2883307214295,34845.0,16,34845.0;-32618.0;-4528.0;0.0;0.0;0.0;0.0;0.0;0.0;0.0;0.0;0.0;0.0;0.0;0.0;0.0
320,2883308794296,34851.0,16,34851.0;-32618.0;-4528.0;0.0;0.0;0.0;0.0;0.0;0.0;0.0;0.0;0.0;0.0;0.0;0.0;0.0
321,2883309100296,34857.0,16,34857.0;-32618.0;-4528.0;0.0;0.0;0.0;0.0;0.0;0.0;0.0;0.0;0.0;0.0;0.0;0.0;0.0
322,2883494809054,34853.0,16,34853.0;-32645.0;3.0;0.0;0.0;0.0;0.0;0.0;0.0;0.0;0.0;0.0;0.0;0.0;0.0;0.0
323,2883495204387,34856.0,16,34856.0;-32645.0;3.0;0.0;0.0;0.0;0.0;0.0;0.0;0.0;0.0;0.0;0.0;0.0;0.0;0.0
324,2883495488387,34878.0,16,34878.0;-32645.0;3.0;0.0;0.0;0.0;0.0;0.0;0.0;0.0;0.0;0.0;0.0;0.0;0.0;0.0
325,2883495752388,34890.0,16,34890.0;-32645.0;3.0;0.0;0.0;0.0;0.0;0.0;0.0;0.0;0.0;0.0;0.0;0.0;0.0;0.0
326,2883496011721,34906.0,16,34906.0;-32645.0;3.0;0.0;0.0;0.0;0.0;0.0;0.0;0.0;0.0;0.0;0.0;0.0;0.0;0.0
327,2883697261819,34936.0,16,34936.0;-32618.0;-4528.0;0.0;0.0;0.0;0.0;0.0;0.0;0.0;0.0;0.0;0.0;0.0;0.0;0.0
328,2883697641153,34942.0,16,34942.0;-32618.0;-4528.0;0.0;0.0;0.0;0.0;0.0;0.0;0.0;0.0;0.0;0.0;0.0;0.0;0.0
329,2883697912486,34966.0,16,34966.0;-32618.0;-4528.0;0.0;0.0;0.0;0.0;0.0;0.0;0.0;0.0;0.0;0.0;0.0;0.0;0.0
330,2883698199820,34988.0,16,34988.0;-32618.0;-4528.0;0.0;0.0;0.0;0.0;0.0;0.0;0.0;0.0;0.0;0.0;0.0;0.0;0.0
331,2883698467153,35013.0,16,35013.0;-32618.0;-4528.0;0.0;0.0;0.0;0.0;0.0;0.0;0.0;0.0;0.0;0.0;0.0;0.0;0.0
332,2883698738487,34994.0,16,34994.0;-32618.0;-4528.0;0.0;0.0;0.0;0.0;0.0;0.0;0.0;0.0;0.0;0.0;0.0;0.0;0.0
333,2883899659251,34928.0,16,34928.0;-32645.0;1.0;0.0;0.0;0.0;0.0;0.0;0.0;0.0;0.0;0.0;0.0;0.0;0.0;0.0
334,2883903341253,34866.0,16,34866.0;-32645.0;1.0;0.0;0.0;0.0;0.0;0.0;0.0;0.0;0.0;0.0;0.0;0.0;0.0;0.0
335,2883903641253,34815.0,16,34815.0;-32645.0;1.0;0.0;0.0;0.0;0.0;0.0;0.0;0.0;0.0;0.0;0.0;0.0;0.0;0.0
336,2883903903920,34793.0,16,34793.0;-32645.0;1.0;0.0;0.0;0.0;0.0;0.0;0.0;0.0;0.0;0.0;0.0;0.0;0.0;0.0
337,2883904167254,34782.0,16,34782.0;-32645.0;1.0;0.0;0.0;0.0;0.0;0.0;0.0;0.0;0.0;0.0;0.0;0.0;0.0;0.0
338,2884101154683,34778.0,16,34778.0;-32618.0;-4528.0;0.0;0.0;0.0;0.0;0.0;0.0;0.0;0.0;0.0;0.0;0.0;0.0;0.0
339,2884101575350,34785.0,16,34785.0;-32618.0;-4528.0;0.0;0.0;0.0;0.0;0.0;0.0;0.0;0.0;0.0;0.0;0.0;0.0;0.0
340,2884101849350,34791.0,16,34791.0;-32618.0;-4528.0;0.0;0.0;0.0;0.0;0.0;0.0;0.0;0.0;0.0;0.0;0.0;0.0;0.0
341,2884102115350,34783.0,16,34783.0;-32618.0;-4528.0;0.0;0.0;0.0;0.0;0.0;0.0;0.0;0.0;0.0;0.0;0.0;0.0;0.0
342,2884102381350,34786.0,16,34786.0;-32618.0;-4528.0;0.0;0.0;0.0;0.0;0.0;0.0;0.0;0.0;0.0;0.0;0.0;0.0;0.0
343,2884322713458,34792.0,16,34792.0;11726.0;-3072.0;0.0;0.0;0.0;0.0;0.0;0.0;0.0;0.0;0.0;0.0;0.0;0.0;0.0
344,2884323133458,34796.0,16,34796.0;11726.0;-3072.0;0.0;0.0;0.0;0.0;0.0;0.0;0.0;0.0;0.0;0.0;0.0;0.0;0.0
345,2884323405458,34809.0,16,34809.0;11726.0;-3072.0;0.0;0.0;0.0;0.0;0.0;0.0;0.0;0.0;0.0;0.0;0.0;0.0;0.0
346,2884323671458,34819.0,16,34819.0;11726.0;-3072.0;0.0;0.0;0.0;0.0;0.0;0.0;0.0;0.0;0.0;0.0;0.0;0.0;0.0
347,2884323948125,34834.0,16,34834.0;11726.0;-3072.0;0.0;0.0;0.0;0.0;0.0;0.0;0.0;0.0;0.0;0.0;0.0;0.0;0.0
348,2884505878214,34854.0,16,34854.0;-32618.0;-4528.0;0.0;0.0;0.0;0.0;0.0;0.0;0.0;0.0;0.0;0.0;0.0;0.0;0.0
349,2884506268881,34872.0,16,34872.0;-32618.0;-4528.0;0.0;0.0;0.0;0.0;0.0;0.0;0.0;0.0;0.0;0.0;0.0;0.0;0.0
350,2884506538881,34896.0,16,34896.0;-32618.0;-4528.0;0.0;0.0;0.0;0.0;0.0;0.0;0.0;0.0;0.0;0.0;0.0;0.0;0.0
351,2884506808881,34912.0,16,34912.0;-32618.0;-4528.0;0.0;0.0;0.0;0.0;0.0;0.0;0.0;0.0;0.0;0.0;0.0;0.0;0.0
352,2884507838882,34932.0,16,34932.0;-32618.0;-4528.0;0.0;0.0;0.0;0.0;0.0;0.0;0.0;0.0;0.0;0.0;0.0;0.0;0.0
353,2884709803647,34917.0,16,34917.0;-32645.0;1.0;0.0;0.0;0.0;0.0;0.0;0.0;0.0;0.0;0.0;0.0;0.0;0.0;0.0
354,2884710288314,34882.0,16,34882.0;-32645.0;1.0;0.0;0.0;0.0;0.0;0.0;0.0;0.0;0.0;0.0;0.0;0.0;0.0;0.0
355,2884710555647,34794.0,16,34794.0;-32645.0;1.0;0.0;0.0;0.0;0.0;0.0;0.0;0.0;0.0;0.0;0.0;0.0;0.0;0.0
356,2884710892981,34751.0,16,34751.0;-32645.0;1.0;0.0;0.0;0.0;0.0;0.0;0.0;0.0;0.0;0.0;0.0;0.0;0.0;0.0
357,2884711158314,34715.0,16,34715.0;-32645.0;1.0;0.0;0.0;0.0;0.0;0.0;0.0;0.0;0.0;0.0;0.0;0.0;0.0;0.0
358,2884911723746,34698.0,16,34698.0;-32618.0;-4528.0;0.0;0.0;0.0;0.0;0.0;0.0;0.0;0.0;0.0;0.0;0.0;0.0;0.0
359,2884912104412,34702.0,16,34702.0;-32618.0;-4528.0;0.0;0.0;0.0;0.0;0.0;0.0;0.0;0.0;0.0;0.0;0.0;0.0;0.0
360,2884912371746,34694.0,16,34694.0;-32618.0;-4528.0;0.0;0.0;0.0;0.0;0.0;0.0;0.0;0.0;0.0;0.0;0.0;0.0;0.0
361,2884912638413,34701.0,16,34701.0;-32618.0;-4528.0;0.0;0.0;0.0;0.0;0.0;0.0;0.0;0.0;0.0;0.0;0.0;0.0;0.0
362,2884912905746,34698.0,16,34698.0;-32618.0;-4528.0;0.0;0.0;0.0;0.0;0.0;0.0;0.0;0.0;0.0;0.0;0.0;0.0;0.0
363,2885113158511,34695.0,16,34695.0;-32618.0;-4528.0;0.0;0.0;0.0;0.0;0.0;0.0;0.0;0.0;0.0;0.0;0.0;0.0;0.0
364,2885113539844,34695.0,16,34695.0;-32618.0;-4528.0;0.0;0.0;0.0;0.0;0.0;0.0;0.0;0.0;0.0;0.0;0.0;0.0;0.0
365,2885113807844,34700.0,16,34700.0;-32618.0;-4528.0;0.0;0.0;0.0;0.0;0.0;0.0;0.0;0.0;0.0;0.0;0.0;0.0;0.0
366,2885114089844,34711.0,16,34711.0;-32618.0;-4528.0;0.0;0.0;0.0;0.0;0.0;0.0;0.0;0.0;0.0;0.0;0.0;0.0;0.0
367,2885114355178,34714.0,16,34714.0;-32618.0;-4528.0;0.0;0.0;0.0;0.0;0.0;0.0;0.0;0.0;0.0;0.0;0.0;0.0;0.0
368,2885330661950,34739.0,16,34739.0;-32618.0;-4528.0;0.0;0.0;0.0;0.0;0.0;0.0;0.0;0.0;0.0;0.0;0.0;0.0;0.0
369,2885331121284,34746.0,16,34746.0;-32618.0;-4528.0;0.0;0.0;0.0;0.0;0.0;0.0;0.0;0.0;0.0;0.0;0.0;0.0;0.0
370,2885331393284,34768.0,16,34768.0;-32618.0;-4528.0;0.0;0.0;0.0;0.0;0.0;0.0;0.0;0.0;0.0;0.0;0.0;0.0;0.0
371,2885331667951,34803.0,16,34803.0;-32618.0;-4528.0;0.0;0.0;0.0;0.0;0.0;0.0;0.0;0.0;0.0;0.0;0.0;0.0;0.0
372,2885331933951,34822.0,16,34822.0;-32618.0;-4528.0;0.0;0.0;0.0;0.0;0.0;0.0;0.0;0.0;0.0;0.0;0.0;0.0;0.0
373,2885520751376,34838.0,16,34838.0;-32618.0;-4528.0;0.0;0.0;0.0;0.0;0.0;0.0;0.0;0.0;0.0;0.0;0.0;0.0;0.0
374,2885521130043,34836.0,16,34836.0;-32618.0;-4528.0;0.0;0.0;0.0;0.0;0.0;0.0;0.0;0.0;0.0;0.0;0.0;0.0;0.0
375,2885521402043,34818.0,16,34818.0;-32618.0;-4528.0;0.0;0.0;0.0;0.0;0.0;0.0;0.0;0.0;0.0;0.0;0.0;0.0;0.0
376,2885521669377,34758.0,16,34758.0;-32618.0;-4528.0;0.0;0.0;0.0;0.0;0.0;0.0;0.0;0.0;0.0;0.0;0.0;0.0;0.0
377,2885521936044,34692.0,16,34692.0;-32618.0;-4528.0;0.0;0.0;0.0;0.0;0.0;0.0;0.0;0.0;0.0;0.0;0.0;0.0;0.0
378,2885722514141,34651.0,16,34651.0;-32618.0;-4528.0;0.0;0.0;0.0;0.0;0.0;0.0;0.0;0.0;0.0;0.0;0.0;0.0;0.0
379,2885722920142,34629.0,16,34629.0;-32618.0;-4528.0;0.0;0.0;0.0;0.0;0.0;0.0;0.0;0.0;0.0;0.0;0.0;0.0;0.0
380,2885723194808,34628.0,16,34628.0;-32618.0;-4528.0;0.0;0.0;0.0;0.0;0.0;0.0;0.0;0.0;0.0;0.0;0.0;0.0;0.0
381,2885723461475,34636.0,16,34636.0;-32618.0;-4528.0;0.0;0.0;0.0;0.0;0.0;0.0;0.0;0.0;0.0;0.0;0.0;0.0;0.0
382,2885723778142,34637.0,16,34637.0;-32618.0;-4528.0;0.0;0.0;0.0;0.0;0.0;0.0;0.0;0.0;0.0;0.0;0.0;0.0;0.0
383,2885724046142,34635.0,16,34635.0;-32618.0;-4528.0;0.0;0.0;0.0;0.0;0.0;0.0;0.0;0.0;0.0;0.0;0.0;0.0;0.0
384,2885923838906,34628.0,16,34628.0;-32618.0;-4528.0;0.0;0.0;0.0;0.0;0.0;0.0;0.0;0.0;0.0;0.0;0.0;0.0;0.0
385,2885924230907,34637.0,16,34637.0;-32618.0;-4528.0;0.0;0.0;0.0;0.0;0.0;0.0;0.0;0.0;0.0;0.0;0.0;0.0;0.0
386,2885924499573,34661.0,16,34661.0;-32618.0;-4528.0;0.0;0.0;0.0;0.0;0.0;0.0;0.0;0.0;0.0;0.0;0.0;0.0;0.0
387,2885924765574,34669.0,16,34669.0;-32618.0;-4528.0;0.0;0.0;0.0;0.0;0.0;0.0;0.0;0.0;0.0;0.0;0.0;0.0;0.0
388,2885925048907,34685.0,16,34685.0;-32618.0;-4528.0;0.0;0.0;0.0;0.0;0.0;0.0;0.0;0.0;0.0;0.0;0.0;0.0;0.0
389,2886132926342,34701.0,16,34701.0;-32645.0;2.0;0.0;0.0;0.0;0.0;0.0;0.0;0.0;0.0;0.0;0.0;0.0;0.0;0.0
390,2886134046342,34729.0,16,34729.0;-32645.0;2.0;0.0;0.0;0.0;0.0;0.0;0.0;0.0;0.0;0.0;0.0;0.0;0.0;0.0
391,2886134330343,34748.0,16,34748.0;-32645.0;2.0;0.0;0.0;0.0;0.0;0.0;0.0;0.0;0.0;0.0;0.0;0.0;0.0;0.0
392,2886134593676,34763.0,16,34763.0;-32645.0;2.0;0.0;0.0;0.0;0.0;0.0;0.0;0.0;0.0;0.0;0.0;0.0;0.0;0.0
393,2886134856343,34797.0,16,34797.0;-32645.0;2.0;0.0;0.0;0.0;0.0;0.0;0.0;0.0;0.0;0.0;0.0;0.0;0.0;0.0
394,2886343755778,34814.0,16,34814.0;-32618.0;-4528.0;0.0;0.0;0.0;0.0;0.0;0.0;0.0;0.0;0.0;0.0;0.0;0.0;0.0
395,2886344133778,34833.0,16,34833.0;-32618.0;-4528.0;0.0;0.0;0.0;0.0;0.0;0.0;0.0;0.0;0.0;0.0;0.0;0.0;0.0
396,2886344433112,34795.0,16,34795.0;-32618.0;-4528.0;0.0;0.0;0.0;0.0;0.0;0.0;0.0;0.0;0.0;0.0;0.0;0.0;0.0
397,2886344701112,34750.0,16,34750.0;-32618.0;-4528.0;0.0;0.0;0.0;0.0;0.0;0.0;0.0;0.0;0.0;0.0;0.0;0.0;0.0
398,2886344965779,34693.0,16,34693.0;-32618.0;-4528.0;0.0;0.0;0.0;0.0;0.0;0.0;0.0;0.0;0.0;0.0;0.0;0.0;0.0
399,2886530151869,34664.0,16,34664.0;-32618.0;-4528.0;0.0;0.0;0.0;0.0;0.0;0.0;0.0;0.0;0.0;0.0;0.0;0.0;0.0
400,2886530527869,34667.0,16,34667.0;-32618.0;-4528.0;0.0;0.0;0.0;0.0;0.0;0.0;0.0;0.0;0.0;0.0;0.0;0.0;0.0
401,2886530850536,34670.0,16,34670.0;-32618.0;-4528.0;0.0;0.0;0.0;0.0;0.0;0.0;0.0;0.0;0.0;0.0;0.0;0.0;0.0
402,2886531126536,34681.0,16,34681.0;-32618.0;-4528.0;0.0;0.0;0.0;0.0;0.0;0.0;0.0;0.0;0.0;0.0;0.0;0.0;0.0
403,2886531397203,34697.0,16,34697.0;-32618.0;-4528.0;0.0;0.0;0.0;0.0;0.0;0.0;0.0;0.0;0.0;0.0;0.0;0.0;0.0
404,2886732519301,34694.0,16,34694.0;-32618.0;-4528.0;0.0;0.0;0.0;0.0;0.0;0.0;0.0;0.0;0.0;0.0;0.0;0.0;0.0
405,2886732909968,34707.0,16,34707.0;-32618.0;-4528.0;0.0;0.0;0.0;0.0;0.0;0.0;0.0;0.0;0.0;0.0;0.0;0.0;0.0
406,2886733189968,34717.0,16,34717.0;-32618.0;-4528.0;0.0;0.0;0.0;0.0;0.0;0.0;0.0;0.0;0.0;0.0;0.0;0.0;0.0
407,2886735882636,34723.0,16,34723.0;-32618.0;-4528.0;0.0;0.0;0.0;0.0;0.0;0.0;0.0;0.0;0.0;0.0;0.0;0.0;0.0
408,2886736179303,34739.0,16,34739.0;-32618.0;-4528.0;0.0;0.0;0.0;0.0;0.0;0.0;0.0;0.0;0.0;0.0;0.0;0.0;0.0
409,2886937973402,34748.0,16,34748.0;-32618.0;-4528.0;0.0;0.0;0.0;0.0;0.0;0.0;0.0;0.0;0.0;0.0;0.0;0.0;0.0
410,2886938367402,34768.0,16,34768.0;-32618.0;-4528.0;0.0;0.0;0.0;0.0;0.0;0.0;0.0;0.0;0.0;0.0;0.0;0.0;0.0
411,2886938644735,34774.0,16,34774.0;-32618.0;-4528.0;0.0;0.0;0.0;0.0;0.0;0.0;0.0;0.0;0.0;0.0;0.0;0.0;0.0
412,2886938980735,34806.0,16,34806.0;-32618.0;-4528.0;0.0;0.0;0.0;0.0;0.0;0.0;0.0;0.0;0.0;0.0;0.0;0.0;0.0
413,2886939256736,34833.0,16,34833.0;-32618.0;-4528.0;0.0;0.0;0.0;0.0;0.0;0.0;0.0;0.0;0.0;0.0;0.0;0.0;0.0
414,2887138458166,34849.0,16,34849.0;-32618.0;-4528.0;0.0;0.0;0.0;0.0;0.0;0.0;0.0;0.0;0.0;0.0;0.0;0.0;0.0
415,2887139950167,34885.0,16,34885.0;-32618.0;-4528.0;0.0;0.0;0.0;0.0;0.0;0.0;0.0;0.0;0.0;0.0;0.0;0.0;0.0
416,2887141642168,34881.0,16,34881.0;-32618.0;-4528.0;0.0;0.0;0.0;0.0;0.0;0.0;0.0;0.0;0.0;0.0;0.0;0.0;0.0
417,2887141968168,34849.0,16,34849.0;-32618.0;-4528.0;0.0;0.0;0.0;0.0;0.0;0.0;0.0;0.0;0.0;0.0;0.0;0.0;0.0
418,2887142241501,34807.0,16,34807.0;-32618.0;-4528.0;0.0;0.0;0.0;0.0;0.0;0.0;0.0;0.0;0.0;0.0;0.0;0.0;0.0
419,2887356947606,34781.0,16,34781.0;-32618.0;-4528.0;0.0;0.0;0.0;0.0;0.0;0.0;0.0;0.0;0.0;0.0;0.0;0.0;0.0
420,2887357338273,34753.0,16,34753.0;-32618.0;-4528.0;0.0;0.0;0.0;0.0;0.0;0.0;0.0;0.0;0.0;0.0;0.0;0.0;0.0
421,2887357656940,34761.0,16,34761.0;-32618.0;-4528.0;0.0;0.0;0.0;0.0;0.0;0.0;0.0;0.0;0.0;0.0;0.0;0.0;0.0
422,2887357965607,34776.0,16,34776.0;-32618.0;-4528.0;0.0;0.0;0.0;0.0;0.0;0.0;0.0;0.0;0.0;0.0;0.0;0.0;0.0
423,2887358241607,34784.0,16,34784.0;-32618.0;-4528.0;0.0;0.0;0.0;0.0;0.0;0.0;0.0;0.0;0.0;0.0;0.0;0.0;0.0
424,2887542336363,34790.0,16,34790.0;-32618.0;-4528.0;0.0;0.0;0.0;0.0;0.0;0.0;0.0;0.0;0.0;0.0;0.0;0.0;0.0
425,2887542748364,34804.0,16,34804.0;-32618.0;-4528.0;0.0;0.0;0.0;0.0;0.0;0.0;0.0;0.0;0.0;0.0;0.0;0.0;0.0
426,2887543032364,34812.0,16,34812.0;-32618.0;-4528.0;0.0;0.0;0.0;0.0;0.0;0.0;0.0;0.0;0.0;0.0;0.0;0.0;0.0
427,2887543317697,34820.0,16,34820.0;-32618.0;-4528.0;0.0;0.0;0.0;0.0;0.0;0.0;0.0;0.0;0.0;0.0;0.0;0.0;0.0
428,2887543588364,34828.0,16,34828.0;-32618.0;-4528.0;0.0;0.0;0.0;0.0;0.0;0.0;0.0;0.0;0.0;0.0;0.0;0.0;0.0
429,2887543857697,34844.0,16,34844.0;-32618.0;-4528.0;0.0;0.0;0.0;0.0;0.0;0.0;0.0;0.0;0.0;0.0;0.0;0.0;0.0
430,2887745782463,34861.0,16,34861.0;-32618.0;-4528.0;0.0;0.0;0.0;0.0;0.0;0.0;0.0;0.0;0.0;0.0;0.0;0.0;0.0
431,2887746216463,34889.0,16,34889.0;-32618.0;-4528.0;0.0;0.0;0.0;0.0;0.0;0.0;0.0;0.0;0.0;0.0;0.0;0.0;0.0
432,2887746496463,34904.0,16,34904.0;-32618.0;-4528.0;0.0;0.0;0.0;0.0;0.0;0.0;0.0;0.0;0.0;0.0;0.0;0.0;0.0
433,2887746803797,34933.0,16,34933.0;-32618.0;-4528.0;0.0;0.0;0.0;0.0;0.0;0.0;0.0;0.0;0.0;0.0;0.0;0.0;0.0
434,2887747084463,34958.0,16,34958.0;-32618.0;-4528.0;0.0;0.0;0.0;0.0;0.0;0.0;0.0;0.0;0.0;0.0;0.0;0.0;0.0
435,2887948201228,34979.0,16,34979.0;-32618.0;-4528.0;0.0;0.0;0.0;0.0;0.0;0.0;0.0;0.0;0.0;0.0;0.0;0.0;0.0
436,2887948612562,34973.0,16,34973.0;-32618.0;-4528.0;0.0;0.0;0.0;0.0;0.0;0.0;0.0;0.0;0.0;0.0;0.0;0.0;0.0
437,2887948893229,34932.0,16,34932.0;-32618.0;-4528.0;0.0;0.0;0.0;0.0;0.0;0.0;0.0;0.0;0.0;0.0;0.0;0.0;0.0
438,2887949179895,34890.0,16,34890.0;-32618.0;-4528.0;0.0;0.0;0.0;0.0;0.0;0.0;0.0;0.0;0.0;0.0;0.0;0.0;0.0
439,2887949458562,34869.0,16,34869.0;-32618.0;-4528.0;0.0;0.0;0.0;0.0;0.0;0.0;0.0;0.0;0.0;0.0;0.0;0.0;0.0
440,2888149639327,34862.0,16,34862.0;-32618.0;-4528.0;0.0;0.0;0.0;0.0;0.0;0.0;0.0;0.0;0.0;0.0;0.0;0.0;0.0
441,2888151757328,34873.0,16,34873.0;-32618.0;-4528.0;0.0;0.0;0.0;0.0;0.0;0.0;0.0;0.0;0.0;0.0;0.0;0.0;0.0
442,2888152067328,34887.0,16,34887.0;-32618.0;-4528.0;0.0;0.0;0.0;0.0;0.0;0.0;0.0;0.0;0.0;0.0;0.0;0.0;0.0
443,2888152361328,34896.0,16,34896.0;-32618.0;-4528.0;0.0;0.0;0.0;0.0;0.0;0.0;0.0;0.0;0.0;0.0;0.0;0.0;0.0
444,2888152635328,34909.0,16,34909.0;-32618.0;-4528.0;0.0;0.0;0.0;0.0;0.0;0.0;0.0;0.0;0.0;0.0;0.0;0.0;0.0
445,2888367742100,34916.0,16,34916.0;-32618.0;-4528.0;0.0;0.0;0.0;0.0;0.0;0.0;0.0;0.0;0.0;0.0;0.0;0.0;0.0
446,2888368160767,34931.0,16,34931.0;-32618.0;-4528.0;0.0;0.0;0.0;0.0;0.0;0.0;0.0;0.0;0.0;0.0;0.0;0.0;0.0
447,2888368437433,34947.0,16,34947.0;-32618.0;-4528.0;0.0;0.0;0.0;0.0;0.0;0.0;0.0;0.0;0.0;0.0;0.0;0.0;0.0
448,2888369830101,34969.0,16,34969.0;-32618.0;-4528.0;0.0;0.0;0.0;0.0;0.0;0.0;0.0;0.0;0.0;0.0;0.0;0.0;0.0
449,2888370223434,34990.0,16,34990.0;-32618.0;-4528.0;0.0;0.0;0.0;0.0;0.0;0.0;0.0;0.0;0.0;0.0;0.0;0.0;0.0
450,2888554582191,35011.0,16,35011.0;-32618.0;-4528.0;0.0;0.0;0.0;0.0;0.0;0.0;0.0;0.0;0.0;0.0;0.0;0.0;0.0
451,2888554982858,35043.0,16,35043.0;-32618.0;-4528.0;0.0;0.0;0.0;0.0;0.0;0.0;0.0;0.0;0.0;0.0;0.0;0.0;0.0
452,2888555290858,35062.0,16,35062.0;-32618.0;-4528.0;0.0;0.0;0.0;0.0;0.0;0.0;0.0;0.0;0.0;0.0;0.0;0.0;0.0
453,2888555604191,35076.0,16,35076.0;-32618.0;-4528.0;0.0;0.0;0.0;0.0;0.0;0.0;0.0;0.0;0.0;0.0;0.0;0.0;0.0
454,2888555879525,35103.0,16,35103.0;-32618.0;-4528.0;0.0;0.0;0.0;0.0;0.0;0.0;0.0;0.0;0.0;0.0;0.0;0.0;0.0
455,2888757071623,35106.0,16,35106.0;-32618.0;-4528.0;0.0;0.0;0.0;0.0;0.0;0.0;0.0;0.0;0.0;0.0;0.0;0.0;0.0
456,2888757473623,35078.0,16,35078.0;-32618.0;-4528.0;0.0;0.0;0.0;0.0;0.0;0.0;0.0;0.0;0.0;0.0;0.0;0.0;0.0
457,2888757748290,35033.0,16,35033.0;-32618.0;-4528.0;0.0;0.0;0.0;0.0;0.0;0.0;0.0;0.0;0.0;0.0;0.0;0.0;0.0
458,2888758020290,35006.0,16,35006.0;-32618.0;-4528.0;0.0;0.0;0.0;0.0;0.0;0.0;0.0;0.0;0.0;0.0;0.0;0.0;0.0
459,2888758319624,35006.0,16,35006.0;-32618.0;-4528.0;0.0;0.0;0.0;0.0;0.0;0.0;0.0;0.0;0.0;0.0;0.0;0.0;0.0
460,2888960622389,34996.0,16,34996.0;-32618.0;-4528.0;0.0;0.0;0.0;0.0;0.0;0.0;0.0;0.0;0.0;0.0;0.0;0.0;0.0
461,2888961013056,35023.0,16,35023.0;-32618.0;-4528.0;0.0;0.0;0.0;0.0;0.0;0.0;0.0;0.0;0.0;0.0;0.0;0.0;0.0
462,2888961287723,35032.0,16,35032.0;-32618.0;-4528.0;0.0;0.0;0.0;0.0;0.0;0.0;0.0;0.0;0.0;0.0;0.0;0.0;0.0
463,2888961561723,35055.0,16,35055.0;-32618.0;-4528.0;0.0;0.0;0.0;0.0;0.0;0.0;0.0;0.0;0.0;0.0;0.0;0.0;0.0
464,2888961836390,35056.0,16,35056.0;-32618.0;-4528.0;0.0;0.0;0.0;0.0;0.0;0.0;0.0;0.0;0.0;0.0;0.0;0.0;0.0
465,2889162154488,35068.0,16,35068.0;-32618.0;-4528.0;0.0;0.0;0.0;0.0;0.0;0.0;0.0;0.0;0.0;0.0;0.0;0.0;0.0
466,2889162570488,35095.0,16,35095.0;-32618.0;-4528.0;0.0;0.0;0.0;0.0;0.0;0.0;0.0;0.0;0.0;0.0;0.0;0.0;0.0
467,2889162853821,35107.0,16,35107.0;-32618.0;-4528.0;0.0;0.0;0.0;0.0;0.0;0.0;0.0;0.0;0.0;0.0;0.0;0.0;0.0
468,2889163127821,35126.0,16,35126.0;-32618.0;-4528.0;0.0;0.0;0.0;0.0;0.0;0.0;0.0;0.0;0.0;0.0;0.0;0.0;0.0
469,2889163400488,35164.0,16,35164.0;-32618.0;-4528.0;0.0;0.0;0.0;0.0;0.0;0.0;0.0;0.0;0.0;0.0;0.0;0.0;0.0
470,2889379661261,35172.0,16,35172.0;-32618.0;-4528.0;0.0;0.0;0.0;0.0;0.0;0.0;0.0;0.0;0.0;0.0;0.0;0.0;0.0
471,2889380144594,35197.0,16,35197.0;-32618.0;-4528.0;0.0;0.0;0.0;0.0;0.0;0.0;0.0;0.0;0.0;0.0;0.0;0.0;0.0
472,2889380423928,35226.0,16,35226.0;-32618.0;-4528.0;0.0;0.0;0.0;0.0;0.0;0.0;0.0;0.0;0.0;0.0;0.0;0.0;0.0
473,2889380698594,35228.0,16,35228.0;-32618.0;-4528.0;0.0;0.0;0.0;0.0;0.0;0.0;0.0;0.0;0.0;0.0;0.0;0.0;0.0
474,2889380989261,35200.0,16,35200.0;-32618.0;-4528.0;0.0;0.0;0.0;0.0;0.0;0.0;0.0;0.0;0.0;0.0;0.0;0.0;0.0
475,2889381270595,35164.0,16,35164.0;-32618.0;-4528.0;0.0;0.0;0.0;0.0;0.0;0.0;0.0;0.0;0.0;0.0;0.0;0.0;0.0
476,2889567184685,35129.0,16,35129.0;-32618.0;-4528.0;0.0;0.0;0.0;0.0;0.0;0.0;0.0;0.0;0.0;0.0;0.0;0.0;0.0
477,2889567575352,35119.0,16,35119.0;-32618.0;-4528.0;0.0;0.0;0.0;0.0;0.0;0.0;0.0;0.0;0.0;0.0;0.0;0.0;0.0
478,2889567948019,35129.0,16,35129.0;-32618.0;-4528.0;0.0;0.0;0.0;0.0;0.0;0.0;0.0;0.0;0.0;0.0;0.0;0.0;0.0
479,2889568225353,35152.0,16,35152.0;-32618.0;-4528.0;0.0;0.0;0.0;0.0;0.0;0.0;0.0;0.0;0.0;0.0;0.0;0.0;0.0
480,2889569586687,35156.0,16,35156.0;-32618.0;-4528.0;0.0;0.0;0.0;0.0;0.0;0.0;0.0;0.0;0.0;0.0;0.0;0.0;0.0
481,2889772184119,35166.0,16,35166.0;-32618.0;-4528.0;0.0;0.0;0.0;0.0;0.0;0.0;0.0;0.0;0.0;0.0;0.0;0.0;0.0
482,2889772592119,35187.0,16,35187.0;-32618.0;-4528.0;0.0;0.0;0.0;0.0;0.0;0.0;0.0;0.0;0.0;0.0;0.0;0.0;0.0
483,2889772867453,35201.0,16,35201.0;-32618.0;-4528.0;0.0;0.0;0.0;0.0;0.0;0.0;0.0;0.0;0.0;0.0;0.0;0.0;0.0
484,2889773138786,35209.0,16,35209.0;-32618.0;-4528.0;0.0;0.0;0.0;0.0;0.0;0.0;0.0;0.0;0.0;0.0;0.0;0.0;0.0
485,2889773410786,35232.0,16,35232.0;-32618.0;-4528.0;0.0;0.0;0.0;0.0;0.0;0.0;0.0;0.0;0.0;0.0;0.0;0.0;0.0
486,2889972880883,35244.0,16,35244.0;-32618.0;-4528.0;0.0;0.0;0.0;0.0;0.0;0.0;0.0;0.0;0.0;0.0;0.0;0.0;0.0
487,2889973273550,35269.0,16,35269.0;-32618.0;-4528.0;0.0;0.0;0.0;0.0;0.0;0.0;0.0;0.0;0.0;0.0;0.0;0.0;0.0
488,2889973552217,35295.0,16,35295.0;-32618.0;-4528.0;0.0;0.0;0.0;0.0;0.0;0.0;0.0;0.0;0.0;0.0;0.0;0.0;0.0
489,2889973820884,35313.0,16,35313.0;-32618.0;-4528.0;0.0;0.0;0.0;0.0;0.0;0.0;0.0;0.0;0.0;0.0;0.0;0.0;0.0
490,2889974111551,35327.0,16,35327.0;-32618.0;-4528.0;0.0;0.0;0.0;0.0;0.0;0.0;0.0;0.0;0.0;0.0;0.0;0.0;0.0
491,2890174299649,35304.0,16,35304.0;-32618.0;-4528.0;0.0;0.0;0.0;0.0;0.0;0.0;0.0;0.0;0.0;0.0;0.0;0.0;0.0
492,2890174748982,35257.0,16,35257.0;-32618.0;-4528.0;0.0;0.0;0.0;0.0;0.0;0.0;0.0;0.0;0.0;0.0;0.0;0.0;0.0
493,2890175026316,35212.0,16,35212.0;-32618.0;-4528.0;0.0;0.0;0.0;0.0;0.0;0.0;0.0;0.0;0.0;0.0;0.0;0.0;0.0
494,2890175872316,35206.0,16,35206.0;-32618.0;-4528.0;0.0;0.0;0.0;0.0;0.0;0.0;0.0;0.0;0.0;0.0;0.0;0.0;0.0
495,2890176162983,35201.0,16,35201.0;-32618.0;-4528.0;0.0;0.0;0.0;0.0;0.0;0.0;0.0;0.0;0.0;0.0;0.0;0.0;0.0
496,2890401321759,35210.0,16,35210.0;-32618.0;-4528.0;0.0;0.0;0.0;0.0;0.0;0.0;0.0;0.0;0.0;0.0;0.0;0.0;0.0
497,2890401726426,35220.0,16,35220.0;-32618.0;-4528.0;0.0;0.0;0.0;0.0;0.0;0.0;0.0;0.0;0.0;0.0;0.0;0.0;0.0
498,2890402003760,35244.0,16,35244.0;-32618.0;-4528.0;0.0;0.0;0.0;0.0;0.0;0.0;0.0;0.0;0.0;0.0;0.0;0.0;0.0
499,2890402539093,35244.0,16,35244.0;-32618.0;-4528.0;0.0;0.0;0.0;0.0;0.0;0.0;0.0;0.0;0.0;0.0;0.0;0.0;0.0
500,2890403082427,35262.0,16,35262.0;-32618.0;-4528.0;0.0;0.0;0.0;0.0;0.0;0.0;0.0;0.0;0.0;0.0;0.0;0.0;0.0
501,2890579491180,35270.0,16,35270.0;-32618.0;-4528.0;0.0;0.0;0.0;0.0;0.0;0.0;0.0;0.0;0.0;0.0;0.0;0.0;0.0
502,2890579939847,35285.0,16,35285.0;-32618.0;-4528.0;0.0;0.0;0.0;0.0;0.0;0.0;0.0;0.0;0.0;0.0;0.0;0.0;0.0
503,2890580300513,35294.0,16,35294.0;-32618.0;-4528.0;0.0;0.0;0.0;0.0;0.0;0.0;0.0;0.0;0.0;0.0;0.0;0.0;0.0
504,2890580582514,35311.0,16,35311.0;-32618.0;-4528.0;0.0;0.0;0.0;0.0;0.0;0.0;0.0;0.0;0.0;0.0;0.0;0.0;0.0
505,2890580896514,35320.0,16,35320.0;-32618.0;-4528.0;0.0;0.0;0.0;0.0;0.0;0.0;0.0;0.0;0.0;0.0;0.0;0.0;0.0
506,2890806940624,35344.0,16,35344.0;-32645.0;3.0;0.0;0.0;0.0;0.0;0.0;0.0;0.0;0.0;0.0;0.0;0.0;0.0;0.0
507,2890807348624,35334.0,16,35334.0;-32645.0;3.0;0.0;0.0;0.0;0.0;0.0;0.0;0.0;0.0;0.0;0.0;0.0;0.0;0.0
508,2890807623958,35292.0,16,35292.0;-32645.0;3.0;0.0;0.0;0.0;0.0;0.0;0.0;0.0;0.0;0.0;0.0;0.0;0.0;0.0
509,2890808574625,35237.0,16,35237.0;-32645.0;3.0;0.0;0.0;0.0;0.0;0.0;0.0;0.0;0.0;0.0;0.0;0.0;0.0;0.0
510,2890808863292,35200.0,16,35200.0;-32645.0;3.0;0.0;0.0;0.0;0.0;0.0;0.0;0.0;0.0;0.0;0.0;0.0;0.0;0.0
511,2890987227379,35180.0,16,35180.0;-32645.0;2.0;0.0;0.0;0.0;0.0;0.0;0.0;0.0;0.0;0.0;0.0;0.0;0.0;0.0
512,2890988352046,35184.0,16,35184.0;-32645.0;2.0;0.0;0.0;0.0;0.0;0.0;0.0;0.0;0.0;0.0;0.0;0.0;0.0;0.0
513,2890988661379,35193.0,16,35193.0;-32645.0;2.0;0.0;0.0;0.0;0.0;0.0;0.0;0.0;0.0;0.0;0.0;0.0;0.0;0.0
514,2890988943380,35211.0,16,35211.0;-32645.0;2.0;0.0;0.0;0.0;0.0;0.0;0.0;0.0;0.0;0.0;0.0;0.0;0.0;0.0
515,2890989212046,35209.0,16,35209.0;-32645.0;2.0;0.0;0.0;0.0;0.0;0.0;0.0;0.0;0.0;0.0;0.0;0.0;0.0;0.0
516,2891188015477,35203.0,16,35203.0;-32645.0;1.0;0.0;0.0;0.0;0.0;0.0;0.0;0.0;0.0;0.0;0.0;0.0;0.0;0.0
517,2891188566810,35215.0,16,35215.0;-32645.0;1.0;0.0;0.0;0.0;0.0;0.0;0.0;0.0;0.0;0.0;0.0;0.0;0.0;0.0
518,2891188858811,35219.0,16,35219.0;-32645.0;1.0;0.0;0.0;0.0;0.0;0.0;0.0;0.0;0.0;0.0;0.0;0.0;0.0;0.0
519,2891189127477,35223.0,16,35223.0;-32645.0;1.0;0.0;0.0;0.0;0.0;0.0;0.0;0.0;0.0;0.0;0.0;0.0;0.0;0.0
520,2891189410144,35234.0,16,35234.0;-32645.0;1.0;0.0;0.0;0.0;0.0;0.0;0.0;0.0;0.0;0.0;0.0;0.0;0.0;0.0
521,2891404205582,35263.0,16,35263.0;-32645.0;0.0;0.0;0.0;0.0;0.0;0.0;0.0;0.0;0.0;0.0;0.0;0.0;0.0;0.0
522,2891404603583,35286.0,16,35286.0;-32645.0;0.0;0.0;0.0;0.0;0.0;0.0;0.0;0.0;0.0;0.0;0.0;0.0;0.0;0.0
523,2891404860916,35277.0,16,35277.0;-32645.0;0.0;0.0;0.0;0.0;0.0;0.0;0.0;0.0;0.0;0.0;0.0;0.0;0.0;0.0
524,2891405119583,35232.0,16,35232.0;-32645.0;0.0;0.0;0.0;0.0;0.0;0.0;0.0;0.0;0.0;0.0;0.0;0.0;0.0;0.0
525,2891405376916,35168.0,16,35168.0;-32645.0;0.0;0.0;0.0;0.0;0.0;0.0;0.0;0.0;0.0;0.0;0.0;0.0;0.0;0.0
526,2891405632250,35134.0,16,35134.0;-32645.0;0.0;0.0;0.0;0.0;0.0;0.0;0.0;0.0;0.0;0.0;0.0;0.0;0.0;0.0
527,2891591417007,35093.0,16,35093.0;-32618.0;-4528.0;0.0;0.0;0.0;0.0;0.0;0.0;0.0;0.0;0.0;0.0;0.0;0.0;0.0
528,2891591819674,35082.0,16,35082.0;-32618.0;-4528.0;0.0;0.0;0.0;0.0;0.0;0.0;0.0;0.0;0.0;0.0;0.0;0.0;0.0
529,2891592095007,35087.0,16,35087.0;-32618.0;-4528.0;0.0;0.0;0.0;0.0;0.0;0.0;0.0;0.0;0.0;0.0;0.0;0.0;0.0
530,2891592401674,35101.0,16,35101.0;-32618.0;-4528.0;0.0;0.0;0.0;0.0;0.0;0.0;0.0;0.0;0.0;0.0;0.0;0.0;0.0
531,2891592683674,35093.0,16,35093.0;-32618.0;-4528.0;0.0;0.0;0.0;0.0;0.0;0.0;0.0;0.0;0.0;0.0;0.0;0.0;0.0
532,2891793855106,35100.0,16,35100.0;-32618.0;-4528.0;0.0;0.0;0.0;0.0;0.0;0.0;0.0;0.0;0.0;0.0;0.0;0.0;0.0
533,2891794241773,35107.0,16,35107.0;-32618.0;-4528.0;0.0;0.0;0.0;0.0;0.0;0.0;0.0;0.0;0.0;0.0;0.0;0.0;0.0
534,2891794519106,35114.0,16,35114.0;-32618.0;-4528.0;0.0;0.0;0.0;0.0;0.0;0.0;0.0;0.0;0.0;0.0;0.0;0.0;0.0
535,2891794791106,35125.0,16,35125.0;-32618.0;-4528.0;0.0;0.0;0.0;0.0;0.0;0.0;0.0;0.0;0.0;0.0;0.0;0.0;0.0
536,2891795069773,35137.0,16,35137.0;-32618.0;-4528.0;0.0;0.0;0.0;0.0;0.0;0.0;0.0;0.0;0.0;0.0;0.0;0.0;0.0
537,2891997315872,35152.0,16,35152.0;-32645.0;1.0;0.0;0.0;0.0;0.0;0.0;0.0;0.0;0.0;0.0;0.0;0.0;0.0;0.0
538,2891997729872,35156.0,16,35156.0;-32645.0;1.0;0.0;0.0;0.0;0.0;0.0;0.0;0.0;0.0;0.0;0.0;0.0;0.0;0.0
539,2891998023206,35137.0,16,35137.0;-32645.0;1.0;0.0;0.0;0.0;0.0;0.0;0.0;0.0;0.0;0.0;0.0;0.0;0.0;0.0
540,2891998296539,35073.0,16,35073.0;-32645.0;1.0;0.0;0.0;0.0;0.0;0.0;0.0;0.0;0.0;0.0;0.0;0.0;0.0;0.0
541,2891998569873,35004.0,16,35004.0;-32645.0;1.0;0.0;0.0;0.0;0.0;0.0;0.0;0.0;0.0;0.0;0.0;0.0;0.0;0.0
542,2892198701970,34953.0,16,34953.0;-32618.0;-4528.0;0.0;0.0;0.0;0.0;0.0;0.0;0.0;0.0;0.0;0.0;0.0;0.0;0.0
543,2892199117304,34926.0,16,34926.0;-32618.0;-4528.0;0.0;0.0;0.0;0.0;0.0;0.0;0.0;0.0;0.0;0.0;0.0;0.0;0.0
544,2892202499306,34919.0,16,34919.0;-32618.0;-4528.0;0.0;0.0;0.0;0.0;0.0;0.0;0.0;0.0;0.0;0.0;0.0;0.0;0.0
545,2892202874639,34930.0,16,34930.0;-32618.0;-4528.0;0.0;0.0;0.0;0.0;0.0;0.0;0.0;0.0;0.0;0.0;0.0;0.0;0.0
546,2892203185973,34930.0,16,34930.0;-32618.0;-4528.0;0.0;0.0;0.0;0.0;0.0;0.0;0.0;0.0;0.0;0.0;0.0;0.0;0.0
547,2892416152743,34935.0,16,34935.0;-32618.0;-4528.0;0.0;0.0;0.0;0.0;0.0;0.0;0.0;0.0;0.0;0.0;0.0;0.0;0.0
548,2892416560077,34937.0,16,34937.0;-32618.0;-4528.0;0.0;0.0;0.0;0.0;0.0;0.0;0.0;0.0;0.0;0.0;0.0;0.0;0.0
549,2892419560078,34943.0,16,34943.0;-32618.0;-4528.0;0.0;0.0;0.0;0.0;0.0;0.0;0.0;0.0;0.0;0.0;0.0;0.0;0.0
550,2892419850078,34943.0,16,34943.0;-32618.0;-4528.0;0.0;0.0;0.0;0.0;0.0;0.0;0.0;0.0;0.0;0.0;0.0;0.0;0.0
551,2892420234078,34966.0,16,34966.0;-32618.0;-4528.0;0.0;0.0;0.0;0.0;0.0;0.0;0.0;0.0;0.0;0.0;0.0;0.0;0.0
552,2892604489502,34982.0,16,34982.0;-32618.0;-4528.0;0.0;0.0;0.0;0.0;0.0;0.0;0.0;0.0;0.0;0.0;0.0;0.0;0.0
553,2892604915502,34995.0,16,34995.0;-32618.0;-4528.0;0.0;0.0;0.0;0.0;0.0;0.0;0.0;0.0;0.0;0.0;0.0;0.0;0.0
554,2892605193502,35016.0,16,35016.0;-32618.0;-4528.0;0.0;0.0;0.0;0.0;0.0;0.0;0.0;0.0;0.0;0.0;0.0;0.0;0.0
555,2892605465502,35025.0,16,35025.0;-32618.0;-4528.0;0.0;0.0;0.0;0.0;0.0;0.0;0.0;0.0;0.0;0.0;0.0;0.0;0.0
556,2892605736836,34978.0,16,34978.0;-32618.0;-4528.0;0.0;0.0;0.0;0.0;0.0;0.0;0.0;0.0;0.0;0.0;0.0;0.0;0.0
557,2892805800933,34906.0,16,34906.0;-32618.0;-4528.0;0.0;0.0;0.0;0.0;0.0;0.0;0.0;0.0;0.0;0.0;0.0;0.0;0.0
558,2892806275600,34838.0,16,34838.0;-32618.0;-4528.0;0.0;0.0;0.0;0.0;0.0;0.0;0.0;0.0;0.0;0.0;0.0;0.0;0.0
559,2892806551600,34791.0,16,34791.0;-32618.0;-4528.0;0.0;0.0;0.0;0.0;0.0;0.0;0.0;0.0;0.0;0.0;0.0;0.0;0.0
560,2892806836934,34776.0,16,34776.0;-32618.0;-4528.0;0.0;0.0;0.0;0.0;0.0;0.0;0.0;0.0;0.0;0.0;0.0;0.0;0.0
561,2892807686934,34770.0,16,34770.0;-32618.0;-4528.0;0.0;0.0;0.0;0.0;0.0;0.0;0.0;0.0;0.0;0.0;0.0;0.0;0.0
562,2893010385700,34781.0,16,34781.0;-32618.0;-4528.0;0.0;0.0;0.0;0.0;0.0;0.0;0.0;0.0;0.0;0.0;0.0;0.0;0.0
563,2893010777034,34785.0,16,34785.0;-32618.0;-4528.0;0.0;0.0;0.0;0.0;0.0;0.0;0.0;0.0;0.0;0.0;0.0;0.0;0.0
564,2893011063700,34788.0,16,34788.0;-32618.0;-4528.0;0.0;0.0;0.0;0.0;0.0;0.0;0.0;0.0;0.0;0.0;0.0;0.0;0.0
565,2893011359034,34787.0,16,34787.0;-32618.0;-4528.0;0.0;0.0;0.0;0.0;0.0;0.0;0.0;0.0;0.0;0.0;0.0;0.0;0.0
566,2893011645034,34793.0,16,34793.0;-32618.0;-4528.0;0.0;0.0;0.0;0.0;0.0;0.0;0.0;0.0;0.0;0.0;0.0;0.0;0.0
567,2893211817132,34805.0,16,34805.0;-32618.0;-4528.0;0.0;0.0;0.0;0.0;0.0;0.0;0.0;0.0;0.0;0.0;0.0;0.0;0.0
568,2893212209799,34804.0,16,34804.0;-32618.0;-4528.0;0.0;0.0;0.0;0.0;0.0;0.0;0.0;0.0;0.0;0.0;0.0;0.0;0.0
569,2893212489799,34820.0,16,34820.0;-32618.0;-4528.0;0.0;0.0;0.0;0.0;0.0;0.0;0.0;0.0;0.0;0.0;0.0;0.0;0.0
570,2893212766465,34837.0,16,34837.0;-32618.0;-4528.0;0.0;0.0;0.0;0.0;0.0;0.0;0.0;0.0;0.0;0.0;0.0;0.0;0.0
571,2893213111799,34862.0,16,34862.0;-32618.0;-4528.0;0.0;0.0;0.0;0.0;0.0;0.0;0.0;0.0;0.0;0.0;0.0;0.0;0.0
572,2893213385132,34892.0,16,34892.0;-32618.0;-4528.0;0.0;0.0;0.0;0.0;0.0;0.0;0.0;0.0;0.0;0.0;0.0;0.0;0.0
573,2893430399905,34916.0,16,34916.0;-32618.0;-4528.0;0.0;0.0;0.0;0.0;0.0;0.0;0.0;0.0;0.0;0.0;0.0;0.0;0.0
574,2893430805905,34921.0,16,34921.0;-32618.0;-4528.0;0.0;0.0;0.0;0.0;0.0;0.0;0.0;0.0;0.0;0.0;0.0;0.0;0.0
575,2893431082572,34868.0,16,34868.0;-32618.0;-4528.0;0.0;0.0;0.0;0.0;0.0;0.0;0.0;0.0;0.0;0.0;0.0;0.0;0.0
576,2893432115906,34797.0,16,34797.0;-32618.0;-4528.0;0.0;0.0;0.0;0.0;0.0;0.0;0.0;0.0;0.0;0.0;0.0;0.0;0.0
577,2893432413239,34734.0,16,34734.0;-32618.0;-4528.0;0.0;0.0;0.0;0.0;0.0;0.0;0.0;0.0;0.0;0.0;0.0;0.0;0.0
578,2893618750664,34699.0,16,34699.0;-32618.0;-4528.0;0.0;0.0;0.0;0.0;0.0;0.0;0.0;0.0;0.0;0.0;0.0;0.0;0.0
579,2893619197997,34687.0,16,34687.0;-32618.0;-4528.0;0.0;0.0;0.0;0.0;0.0;0.0;0.0;0.0;0.0;0.0;0.0;0.0;0.0
580,2893619475997,34678.0,16,34678.0;-32618.0;-4528.0;0.0;0.0;0.0;0.0;0.0;0.0;0.0;0.0;0.0;0.0;0.0;0.0;0.0
581,2893619749331,34692.0,16,34692.0;-32618.0;-4528.0;0.0;0.0;0.0;0.0;0.0;0.0;0.0;0.0;0.0;0.0;0.0;0.0;0.0
582,2893620107331,34699.0,16,34699.0;-32618.0;-4528.0;0.0;0.0;0.0;0.0;0.0;0.0;0.0;0.0;0.0;0.0;0.0;0.0;0.0
583,2893818839428,34704.0,16,34704.0;-32618.0;-4528.0;0.0;0.0;0.0;0.0;0.0;0.0;0.0;0.0;0.0;0.0;0.0;0.0;0.0
584,2893819247428,34708.0,16,34708.0;-32618.0;-4528.0;0.0;0.0;0.0;0.0;0.0;0.0;0.0;0.0;0.0;0.0;0.0;0.0;0.0
585,2893819521428,34717.0,16,34717.0;-32618.0;-4528.0;0.0;0.0;0.0;0.0;0.0;0.0;0.0;0.0;0.0;0.0;0.0;0.0;0.0
586,2893819896762,34724.0,16,34724.0;-32618.0;-4528.0;0.0;0.0;0.0;0.0;0.0;0.0;0.0;0.0;0.0;0.0;0.0;0.0;0.0
587,2893820540096,34738.0,16,34738.0;-32618.0;-4528.0;0.0;0.0;0.0;0.0;0.0;0.0;0.0;0.0;0.0;0.0;0.0;0.0;0.0
588,2894021586860,34761.0,16,34761.0;-32618.0;-4528.0;0.0;0.0;0.0;0.0;0.0;0.0;0.0;0.0;0.0;0.0;0.0;0.0;0.0
589,2894022027527,34781.0,16,34781.0;-32618.0;-4528.0;0.0;0.0;0.0;0.0;0.0;0.0;0.0;0.0;0.0;0.0;0.0;0.0;0.0
590,2894022302194,34802.0,16,34802.0;-32618.0;-4528.0;0.0;0.0;0.0;0.0;0.0;0.0;0.0;0.0;0.0;0.0;0.0;0.0;0.0
591,2894022575528,34826.0,16,34826.0;-32618.0;-4528.0;0.0;0.0;0.0;0.0;0.0;0.0;0.0;0.0;0.0;0.0;0.0;0.0;0.0
592,2894022846861,34867.0,16,34867.0;-32618.0;-4528.0;0.0;0.0;0.0;0.0;0.0;0.0;0.0;0.0;0.0;0.0;0.0;0.0;0.0
593,2894223069625,34885.0,16,34885.0;-32618.0;-4528.0;0.0;0.0;0.0;0.0;0.0;0.0;0.0;0.0;0.0;0.0;0.0;0.0;0.0
594,2894223464292,34879.0,16,34879.0;-32618.0;-4528.0;0.0;0.0;0.0;0.0;0.0;0.0;0.0;0.0;0.0;0.0;0.0;0.0;0.0
595,2894223772292,34827.0,16,34827.0;-32618.0;-4528.0;0.0;0.0;0.0;0.0;0.0;0.0;0.0;0.0;0.0;0.0;0.0;0.0;0.0
596,2894224054959,34751.0,16,34751.0;-32618.0;-4528.0;0.0;0.0;0.0;0.0;0.0;0.0;0.0;0.0;0.0;0.0;0.0;0.0;0.0
597,2894224328959,34692.0,16,34692.0;-32618.0;-4528.0;0.0;0.0;0.0;0.0;0.0;0.0;0.0;0.0;0.0;0.0;0.0;0.0;0.0
598,2894448755736,34653.0,16,34653.0;-32618.0;-4528.0;0.0;0.0;0.0;0.0;0.0;0.0;0.0;0.0;0.0;0.0;0.0;0.0;0.0
599,2894449152403,34655.0,16,34655.0;-32618.0;-4528.0;0.0;0.0;0.0;0.0;0.0;0.0;0.0;0.0;0.0;0.0;0.0;0.0;0.0
600,2894449485069,34654.0,16,34654.0;-32618.0;-4528.0;0.0;0.0;0.0;0.0;0.0;0.0;0.0;0.0;0.0;0.0;0.0;0.0;0.0
601,2894449759736,34661.0,16,34661.0;-32618.0;-4528.0;0.0;0.0;0.0;0.0;0.0;0.0;0.0;0.0;0.0;0.0;0.0;0.0;0.0
602,2894451837737,34664.0,16,34664.0;-32618.0;-4528.0;0.0;0.0;0.0;0.0;0.0;0.0;0.0;0.0;0.0;0.0;0.0;0.0;0.0
603,2894627961156,34673.0,16,34673.0;-32618.0;-4528.0;0.0;0.0;0.0;0.0;0.0;0.0;0.0;0.0;0.0;0.0;0.0;0.0;0.0
604,2894629020490,34674.0,16,34674.0;-32618.0;-4528.0;0.0;0.0;0.0;0.0;0.0;0.0;0.0;0.0;0.0;0.0;0.0;0.0;0.0
605,2894629333824,34688.0,16,34688.0;-32618.0;-4528.0;0.0;0.0;0.0;0.0;0.0;0.0;0.0;0.0;0.0;0.0;0.0;0.0;0.0
606,2894629612491,34698.0,16,34698.0;-32618.0;-4528.0;0.0;0.0;0.0;0.0;0.0;0.0;0.0;0.0;0.0;0.0;0.0;0.0;0.0
607,2894629886491,34711.0,16,34711.0;-32618.0;-4528.0;0.0;0.0;0.0;0.0;0.0;0.0;0.0;0.0;0.0;0.0;0.0;0.0;0.0
608,2894830469922,34727.0,16,34727.0;-32618.0;-4528.0;0.0;0.0;0.0;0.0;0.0;0.0;0.0;0.0;0.0;0.0;0.0;0.0;0.0
609,2894830859922,34748.0,16,34748.0;-32618.0;-4528.0;0.0;0.0;0.0;0.0;0.0;0.0;0.0;0.0;0.0;0.0;0.0;0.0;0.0
610,2894831150589,34766.0,16,34766.0;-32618.0;-4528.0;0.0;0.0;0.0;0.0;0.0;0.0;0.0;0.0;0.0;0.0;0.0;0.0;0.0
611,2894831436589,34792.0,16,34792.0;-32618.0;-4528.0;0.0;0.0;0.0;0.0;0.0;0.0;0.0;0.0;0.0;0.0;0.0;0.0;0.0
612,2894831707923,34820.0,16,34820.0;-32618.0;-4528.0;0.0;0.0;0.0;0.0;0.0;0.0;0.0;0.0;0.0;0.0;0.0;0.0;0.0
613,2895034448688,34831.0,16,34831.0;-32618.0;-4528.0;0.0;0.0;0.0;0.0;0.0;0.0;0.0;0.0;0.0;0.0;0.0;0.0;0.0
614,2895034851355,34803.0,16,34803.0;-32618.0;-4528.0;0.0;0.0;0.0;0.0;0.0;0.0;0.0;0.0;0.0;0.0;0.0;0.0;0.0
615,2895035123355,34728.0,16,34728.0;-32618.0;-4528.0;0.0;0.0;0.0;0.0;0.0;0.0;0.0;0.0;0.0;0.0;0.0;0.0;0.0
616,2895035399355,34656.0,16,34656.0;-32618.0;-4528.0;0.0;0.0;0.0;0.0;0.0;0.0;0.0;0.0;0.0;0.0;0.0;0.0;0.0
617,2895035670022,34601.0,16,34601.0;-32618.0;-4528.0;0.0;0.0;0.0;0.0;0.0;0.0;0.0;0.0;0.0;0.0;0.0;0.0;0.0
618,2895035980022,34576.0,16,34576.0;-32618.0;-4528.0;0.0;0.0;0.0;0.0;0.0;0.0;0.0;0.0;0.0;0.0;0.0;0.0;0.0
619,2895236403454,34574.0,16,34574.0;-32645.0;1.0;0.0;0.0;0.0;0.0;0.0;0.0;0.0;0.0;0.0;0.0;0.0;0.0;0.0
620,2895236783454,34578.0,16,34578.0;-32645.0;1.0;0.0;0.0;0.0;0.0;0.0;0.0;0.0;0.0;0.0;0.0;0.0;0.0;0.0
621,2895237054121,34581.0,16,34581.0;-32645.0;1.0;0.0;0.0;0.0;0.0;0.0;0.0;0.0;0.0;0.0;0.0;0.0;0.0;0.0
622,2895237325454,34592.0,16,34592.0;-32645.0;1.0;0.0;0.0;0.0;0.0;0.0;0.0;0.0;0.0;0.0;0.0;0.0;0.0;0.0
623,2895237603454,34595.0,16,34595.0;-32645.0;1.0;0.0;0.0;0.0;0.0;0.0;0.0;0.0;0.0;0.0;0.0;0.0;0.0;0.0
624,2895454371560,34600.0,16,34600.0;-32645.0;0.0;0.0;0.0;0.0;0.0;0.0;0.0;0.0;0.0;0.0;0.0;0.0;0.0;0.0
625,2895454933560,34609.0,16,34609.0;-32645.0;0.0;0.0;0.0;0.0;0.0;0.0;0.0;0.0;0.0;0.0;0.0;0.0;0.0;0.0
626,2895455222227,34630.0,16,34630.0;-32645.0;0.0;0.0;0.0;0.0;0.0;0.0;0.0;0.0;0.0;0.0;0.0;0.0;0.0;0.0
627,2895455479561,34642.0,16,34642.0;-32645.0;0.0;0.0;0.0;0.0;0.0;0.0;0.0;0.0;0.0;0.0;0.0;0.0;0.0;0.0
628,2895455766227,34662.0,16,34662.0;-32645.0;0.0;0.0;0.0;0.0;0.0;0.0;0.0;0.0;0.0;0.0;0.0;0.0;0.0;0.0
629,2895652202990,34697.0,16,34697.0;-32645.0;3.0;0.0;0.0;0.0;0.0;0.0;0.0;0.0;0.0;0.0;0.0;0.0;0.0;0.0
630,2895652612990,34713.0,16,34713.0;-32645.0;3.0;0.0;0.0;0.0;0.0;0.0;0.0;0.0;0.0;0.0;0.0;0.0;0.0;0.0
631,2895652887657,34740.0,16,34740.0;-32645.0;3.0;0.0;0.0;0.0;0.0;0.0;0.0;0.0;0.0;0.0;0.0;0.0;0.0;0.0
632,2895653176324,34769.0,16,34769.0;-32645.0;3.0;0.0;0.0;0.0;0.0;0.0;0.0;0.0;0.0;0.0;0.0;0.0;0.0;0.0
633,2895653447657,34768.0,16,34768.0;-32645.0;3.0;0.0;0.0;0.0;0.0;0.0;0.0;0.0;0.0;0.0;0.0;0.0;0.0;0.0
634,2895848843753,34702.0,16,34702.0;-32645.0;2.0;0.0;0.0;0.0;0.0;0.0;0.0;0.0;0.0;0.0;0.0;0.0;0.0;0.0
635,2895849239753,34633.0,16,34633.0;-32645.0;2.0;0.0;0.0;0.0;0.0;0.0;0.0;0.0;0.0;0.0;0.0;0.0;0.0;0.0
636,2895849513086,34576.0,16,34576.0;-32645.0;2.0;0.0;0.0;0.0;0.0;0.0;0.0;0.0;0.0;0.0;0.0;0.0;0.0;0.0
637,2895849783753,34550.0,16,34550.0;-32645.0;2.0;0.0;0.0;0.0;0.0;0.0;0.0;0.0;0.0;0.0;0.0;0.0;0.0;0.0
638,2895852233754,34541.0,16,34541.0;-32645.0;2.0;0.0;0.0;0.0;0.0;0.0;0.0;0.0;0.0;0.0;0.0;0.0;0.0;0.0
639,2896046012516,34539.0,16,34539.0;-32618.0;-4528.0;0.0;0.0;0.0;0.0;0.0;0.0;0.0;0.0;0.0;0.0;0.0;0.0;0.0
640,2896047139183,34549.0,16,34549.0;-32618.0;-4528.0;0.0;0.0;0.0;0.0;0.0;0.0;0.0;0.0;0.0;0.0;0.0;0.0;0.0
641,2896047483183,34554.0,16,34554.0;-32618.0;-4528.0;0.0;0.0;0.0;0.0;0.0;0.0;0.0;0.0;0.0;0.0;0.0;0.0;0.0
642,2896047754516,34567.0,16,34567.0;-32618.0;-4528.0;0.0;0.0;0.0;0.0;0.0;0.0;0.0;0.0;0.0;0.0;0.0;0.0;0.0
643,2896048024517,34576.0,16,34576.0;-32618.0;-4528.0;0.0;0.0;0.0;0.0;0.0;0.0;0.0;0.0;0.0;0.0;0.0;0.0;0.0
644,2896248435281,34591.0,16,34591.0;-32618.0;-4528.0;0.0;0.0;0.0;0.0;0.0;0.0;0.0;0.0;0.0;0.0;0.0;0.0;0.0
645,2896248879948,34600.0,16,34600.0;-32618.0;-4528.0;0.0;0.0;0.0;0.0;0.0;0.0;0.0;0.0;0.0;0.0;0.0;0.0;0.0
646,2896249157281,34623.0,16,34623.0;-32618.0;-4528.0;0.0;0.0;0.0;0.0;0.0;0.0;0.0;0.0;0.0;0.0;0.0;0.0;0.0
647,2896249428615,34641.0,16,34641.0;-32618.0;-4528.0;0.0;0.0;0.0;0.0;0.0;0.0;0.0;0.0;0.0;0.0;0.0;0.0;0.0
648,2896249712615,34665.0,16,34665.0;-32618.0;-4528.0;0.0;0.0;0.0;0.0;0.0;0.0;0.0;0.0;0.0;0.0;0.0;0.0;0.0
649,2896464868720,34687.0,16,34687.0;-32618.0;-4528.0;0.0;0.0;0.0;0.0;0.0;0.0;0.0;0.0;0.0;0.0;0.0;0.0;0.0
650,2896465326720,34713.0,16,34713.0;-32618.0;-4528.0;0.0;0.0;0.0;0.0;0.0;0.0;0.0;0.0;0.0;0.0;0.0;0.0;0.0
651,2896465602054,34735.0,16,34735.0;-32618.0;-4528.0;0.0;0.0;0.0;0.0;0.0;0.0;0.0;0.0;0.0;0.0;0.0;0.0;0.0
652,2896465881387,34755.0,16,34755.0;-32618.0;-4528.0;0.0;0.0;0.0;0.0;0.0;0.0;0.0;0.0;0.0;0.0;0.0;0.0;0.0
653,2896466162721,34719.0,16,34719.0;-32618.0;-4528.0;0.0;0.0;0.0;0.0;0.0;0.0;0.0;0.0;0.0;0.0;0.0;0.0;0.0
654,2896655174146,34645.0,16,34645.0;-32618.0;-4528.0;0.0;0.0;0.0;0.0;0.0;0.0;0.0;0.0;0.0;0.0;0.0;0.0;0.0
655,2896655814147,34595.0,16,34595.0;-32618.0;-4528.0;0.0;0.0;0.0;0.0;0.0;0.0;0.0;0.0;0.0;0.0;0.0;0.0;0.0
656,2896656096813,34573.0,16,34573.0;-32618.0;-4528.0;0.0;0.0;0.0;0.0;0.0;0.0;0.0;0.0;0.0;0.0;0.0;0.0;0.0
657,2896656368814,34569.0,16,34569.0;-32618.0;-4528.0;0.0;0.0;0.0;0.0;0.0;0.0;0.0;0.0;0.0;0.0;0.0;0.0;0.0
658,2896656669480,34571.0,16,34571.0;-32618.0;-4528.0;0.0;0.0;0.0;0.0;0.0;0.0;0.0;0.0;0.0;0.0;0.0;0.0;0.0
659,2896656940814,34579.0,16,34579.0;-32618.0;-4528.0;0.0;0.0;0.0;0.0;0.0;0.0;0.0;0.0;0.0;0.0;0.0;0.0;0.0
660,2896855985578,34584.0,16,34584.0;-32618.0;-4528.0;0.0;0.0;0.0;0.0;0.0;0.0;0.0;0.0;0.0;0.0;0.0;0.0;0.0
661,2896856396911,34597.0,16,34597.0;-32618.0;-4528.0;0.0;0.0;0.0;0.0;0.0;0.0;0.0;0.0;0.0;0.0;0.0;0.0;0.0
662,2896856673578,34605.0,16,34605.0;-32618.0;-4528.0;0.0;0.0;0.0;0.0;0.0;0.0;0.0;0.0;0.0;0.0;0.0;0.0;0.0
663,2896856944912,34625.0,16,34625.0;-32618.0;-4528.0;0.0;0.0;0.0;0.0;0.0;0.0;0.0;0.0;0.0;0.0;0.0;0.0;0.0
664,2896857218912,34631.0,16,34631.0;-32618.0;-4528.0;0.0;0.0;0.0;0.0;0.0;0.0;0.0;0.0;0.0;0.0;0.0;0.0;0.0
665,2897058189010,34650.0,16,34650.0;-32618.0;-4528.0;0.0;0.0;0.0;0.0;0.0;0.0;0.0;0.0;0.0;0.0;0.0;0.0;0.0
666,2897058593010,34672.0,16,34672.0;-32618.0;-4528.0;0.0;0.0;0.0;0.0;0.0;0.0;0.0;0.0;0.0;0.0;0.0;0.0;0.0
667,2897058909677,34699.0,16,34699.0;-32618.0;-4528.0;0.0;0.0;0.0;0.0;0.0;0.0;0.0;0.0;0.0;0.0;0.0;0.0;0.0
668,2897059187677,34721.0,16,34721.0;-32618.0;-4528.0;0.0;0.0;0.0;0.0;0.0;0.0;0.0;0.0;0.0;0.0;0.0;0.0;0.0
669,2897059462344,34754.0,16,34754.0;-32618.0;-4528.0;0.0;0.0;0.0;0.0;0.0;0.0;0.0;0.0;0.0;0.0;0.0;0.0;0.0
670,2897259667775,34775.0,16,34775.0;-32618.0;-4528.0;0.0;0.0;0.0;0.0;0.0;0.0;0.0;0.0;0.0;0.0;0.0;0.0;0.0
671,2897260149108,34782.0,16,34782.0;-32618.0;-4528.0;0.0;0.0;0.0;0.0;0.0;0.0;0.0;0.0;0.0;0.0;0.0;0.0;0.0
672,2897261187109,34745.0,16,34745.0;-32618.0;-4528.0;0.0;0.0;0.0;0.0;0.0;0.0;0.0;0.0;0.0;0.0;0.0;0.0;0.0
673,2897261501109,34688.0,16,34688.0;-32618.0;-4528.0;0.0;0.0;0.0;0.0;0.0;0.0;0.0;0.0;0.0;0.0;0.0;0.0;0.0
674,2897261783776,34646.0,16,34646.0;-32618.0;-4528.0;0.0;0.0;0.0;0.0;0.0;0.0;0.0;0.0;0.0;0.0;0.0;0.0;0.0
675,2897474180546,34633.0,16,34633.0;-32618.0;-4528.0;0.0;0.0;0.0;0.0;0.0;0.0;0.0;0.0;0.0;0.0;0.0;0.0;0.0
676,2897474616546,34642.0,16,34642.0;-32618.0;-4528.0;0.0;0.0;0.0;0.0;0.0;0.0;0.0;0.0;0.0;0.0;0.0;0.0;0.0
677,2897474892547,34657.0,16,34657.0;-32618.0;-4528.0;0.0;0.0;0.0;0.0;0.0;0.0;0.0;0.0;0.0;0.0;0.0;0.0;0.0
678,2897475167880,34667.0,16,34667.0;-32618.0;-4528.0;0.0;0.0;0.0;0.0;0.0;0.0;0.0;0.0;0.0;0.0;0.0;0.0;0.0
679,2897475437214,34685.0,16,34685.0;-32618.0;-4528.0;0.0;0.0;0.0;0.0;0.0;0.0;0.0;0.0;0.0;0.0;0.0;0.0;0.0
680,2897664555973,34701.0,16,34701.0;-32618.0;-4528.0;0.0;0.0;0.0;0.0;0.0;0.0;0.0;0.0;0.0;0.0;0.0;0.0;0.0
681,2897664957973,34704.0,16,34704.0;-32618.0;-4528.0;0.0;0.0;0.0;0.0;0.0;0.0;0.0;0.0;0.0;0.0;0.0;0.0;0.0
682,2897665357306,34721.0,16,34721.0;-32618.0;-4528.0;0.0;0.0;0.0;0.0;0.0;0.0;0.0;0.0;0.0;0.0;0.0;0.0;0.0
683,2897665643306,34744.0,16,34744.0;-32618.0;-4528.0;0.0;0.0;0.0;0.0;0.0;0.0;0.0;0.0;0.0;0.0;0.0;0.0;0.0
684,2897665915973,34766.0,16,34766.0;-32618.0;-4528.0;0.0;0.0;0.0;0.0;0.0;0.0;0.0;0.0;0.0;0.0;0.0;0.0;0.0
685,2897866138071,34782.0,16,34782.0;-32618.0;-4528.0;0.0;0.0;0.0;0.0;0.0;0.0;0.0;0.0;0.0;0.0;0.0;0.0;0.0
686,2897866526738,34802.0,16,34802.0;-32618.0;-4528.0;0.0;0.0;0.0;0.0;0.0;0.0;0.0;0.0;0.0;0.0;0.0;0.0;0.0
687,2897869026739,34827.0,16,34827.0;-32618.0;-4528.0;0.0;0.0;0.0;0.0;0.0;0.0;0.0;0.0;0.0;0.0;0.0;0.0;0.0
688,2897869414073,34857.0,16,34857.0;-32618.0;-4528.0;0.0;0.0;0.0;0.0;0.0;0.0;0.0;0.0;0.0;0.0;0.0;0.0;0.0
689,2897869738073,34859.0,16,34859.0;-32618.0;-4528.0;0.0;0.0;0.0;0.0;0.0;0.0;0.0;0.0;0.0;0.0;0.0;0.0;0.0
690,2898070560171,34836.0,16,34836.0;-32618.0;-4528.0;0.0;0.0;0.0;0.0;0.0;0.0;0.0;0.0;0.0;0.0;0.0;0.0;0.0
691,2898070948171,34789.0,16,34789.0;-32618.0;-4528.0;0.0;0.0;0.0;0.0;0.0;0.0;0.0;0.0;0.0;0.0;0.0;0.0;0.0
692,2898071222838,34753.0,16,34753.0;-32618.0;-4528.0;0.0;0.0;0.0;0.0;0.0;0.0;0.0;0.0;0.0;0.0;0.0;0.0;0.0
693,2898071494838,34742.0,16,34742.0;-32618.0;-4528.0;0.0;0.0;0.0;0.0;0.0;0.0;0.0;0.0;0.0;0.0;0.0;0.0;0.0
694,2898071768171,34740.0,16,34740.0;-32618.0;-4528.0;0.0;0.0;0.0;0.0;0.0;0.0;0.0;0.0;0.0;0.0;0.0;0.0;0.0
695,2898272989603,34760.0,16,34760.0;-32618.0;-4528.0;0.0;0.0;0.0;0.0;0.0;0.0;0.0;0.0;0.0;0.0;0.0;0.0;0.0
696,2898273435603,34780.0,16,34780.0;-32618.0;-4528.0;0.0;0.0;0.0;0.0;0.0;0.0;0.0;0.0;0.0;0.0;0.0;0.0;0.0
697,2898273723603,34786.0,16,34786.0;-32618.0;-4528.0;0.0;0.0;0.0;0.0;0.0;0.0;0.0;0.0;0.0;0.0;0.0;0.0;0.0
698,2898274003603,34809.0,16,34809.0;-32618.0;-4528.0;0.0;0.0;0.0;0.0;0.0;0.0;0.0;0.0;0.0;0.0;0.0;0.0;0.0
699,2898274901604,34822.0,16,34822.0;-32618.0;-4528.0;0.0;0.0;0.0;0.0;0.0;0.0;0.0;0.0;0.0;0.0;0.0;0.0;0.0
700,2898489457042,34841.0,16,34841.0;-32618.0;-4528.0;0.0;0.0;0.0;0.0;0.0;0.0;0.0;0.0;0.0;0.0;0.0;0.0;0.0
701,2898489928376,34866.0,16,34866.0;-32618.0;-4528.0;0.0;0.0;0.0;0.0;0.0;0.0;0.0;0.0;0.0;0.0;0.0;0.0;0.0
702,2898490293042,34895.0,16,34895.0;-32618.0;-4528.0;0.0;0.0;0.0;0.0;0.0;0.0;0.0;0.0;0.0;0.0;0.0;0.0;0.0
703,2898490606376,34913.0,16,34913.0;-32618.0;-4528.0;0.0;0.0;0.0;0.0;0.0;0.0;0.0;0.0;0.0;0.0;0.0;0.0;0.0
704,2898491641710,34943.0,16,34943.0;-32618.0;-4528.0;0.0;0.0;0.0;0.0;0.0;0.0;0.0;0.0;0.0;0.0;0.0;0.0;0.0
705,2898677831801,34971.0,16,34971.0;-32618.0;-4528.0;0.0;0.0;0.0;0.0;0.0;0.0;0.0;0.0;0.0;0.0;0.0;0.0;0.0
706,2898678239134,34995.0,16,34995.0;-32618.0;-4528.0;0.0;0.0;0.0;0.0;0.0;0.0;0.0;0.0;0.0;0.0;0.0;0.0;0.0
707,2898678525134,35002.0,16,35002.0;-32618.0;-4528.0;0.0;0.0;0.0;0.0;0.0;0.0;0.0;0.0;0.0;0.0;0.0;0.0;0.0
708,2898678821134,34954.0,16,34954.0;-32618.0;-4528.0;0.0;0.0;0.0;0.0;0.0;0.0;0.0;0.0;0.0;0.0;0.0;0.0;0.0
709,2898679096468,34908.0,16,34908.0;-32618.0;-4528.0;0.0;0.0;0.0;0.0;0.0;0.0;0.0;0.0;0.0;0.0;0.0;0.0;0.0
710,2898679377135,34883.0,16,34883.0;-32618.0;-4528.0;0.0;0.0;0.0;0.0;0.0;0.0;0.0;0.0;0.0;0.0;0.0;0.0;0.0
711,2898880319899,34877.0,16,34877.0;-32618.0;-4528.0;0.0;0.0;0.0;0.0;0.0;0.0;0.0;0.0;0.0;0.0;0.0;0.0;0.0
712,2898880729233,34893.0,16,34893.0;-32618.0;-4528.0;0.0;0.0;0.0;0.0;0.0;0.0;0.0;0.0;0.0;0.0;0.0;0.0;0.0
713,2898881007233,34914.0,16,34914.0;-32618.0;-4528.0;0.0;0.0;0.0;0.0;0.0;0.0;0.0;0.0;0.0;0.0;0.0;0.0;0.0
714,2898881278567,34928.0,16,34928.0;-32618.0;-4528.0;0.0;0.0;0.0;0.0;0.0;0.0;0.0;0.0;0.0;0.0;0.0;0.0;0.0
715,2898881550567,34945.0,16,34945.0;-32618.0;-4528.0;0.0;0.0;0.0;0.0;0.0;0.0;0.0;0.0;0.0;0.0;0.0;0.0;0.0
716,2899082613998,34954.0,16,34954.0;-32618.0;-4528.0;0.0;0.0;0.0;0.0;0.0;0.0;0.0;0.0;0.0;0.0;0.0;0.0;0.0
717,2899083006665,34976.0,16,34976.0;-32618.0;-4528.0;0.0;0.0;0.0;0.0;0.0;0.0;0.0;0.0;0.0;0.0;0.0;0.0;0.0
718,2899086070000,34998.0,16,34998.0;-32618.0;-4528.0;0.0;0.0;0.0;0.0;0.0;0.0;0.0;0.0;0.0;0.0;0.0;0.0;0.0
719,2899086398000,35010.0,16,35010.0;-32618.0;-4528.0;0.0;0.0;0.0;0.0;0.0;0.0;0.0;0.0;0.0;0.0;0.0;0.0;0.0
720,2899086683334,35034.0,16,35034.0;-32618.0;-4528.0;0.0;0.0;0.0;0.0;0.0;0.0;0.0;0.0;0.0;0.0;0.0;0.0;0.0
721,2899285408764,35068.0,16,35068.0;-32618.0;-4528.0;0.0;0.0;0.0;0.0;0.0;0.0;0.0;0.0;0.0;0.0;0.0;0.0;0.0
722,2899285813431,35093.0,16,35093.0;-32618.0;-4528.0;0.0;0.0;0.0;0.0;0.0;0.0;0.0;0.0;0.0;0.0;0.0;0.0;0.0
723,2899286090098,35121.0,16,35121.0;-32618.0;-4528.0;0.0;0.0;0.0;0.0;0.0;0.0;0.0;0.0;0.0;0.0;0.0;0.0;0.0
724,2899286363431,35099.0,16,35099.0;-32618.0;-4528.0;0.0;0.0;0.0;0.0;0.0;0.0;0.0;0.0;0.0;0.0;0.0;0.0;0.0
725,2899286675431,35059.0,16,35059.0;-32618.0;-4528.0;0.0;0.0;0.0;0.0;0.0;0.0;0.0;0.0;0.0;0.0;0.0;0.0;0.0
726,2899503680871,35015.0,16,35015.0;-32645.0;0.0;0.0;0.0;0.0;0.0;0.0;0.0;0.0;0.0;0.0;0.0;0.0;0.0;0.0
727,2899507522872,34986.0,16,34986.0;-32645.0;0.0;0.0;0.0;0.0;0.0;0.0;0.0;0.0;0.0;0.0;0.0;0.0;0.0;0.0
728,2899507837539,34985.0,16,34985.0;-32645.0;0.0;0.0;0.0;0.0;0.0;0.0;0.0;0.0;0.0;0.0;0.0;0.0;0.0;0.0
729,2899508105539,34992.0,16,34992.0;-32645.0;0.0;0.0;0.0;0.0;0.0;0.0;0.0;0.0;0.0;0.0;0.0;0.0;0.0;0.0
730,2899508365539,35008.0,16,35008.0;-32645.0;0.0;0.0;0.0;0.0;0.0;0.0;0.0;0.0;0.0;0.0;0.0;0.0;0.0;0.0
731,2899688936961,35025.0,16,35025.0;-32618.0;-4528.0;0.0;0.0;0.0;0.0;0.0;0.0;0.0;0.0;0.0;0.0;0.0;0.0;0.0
732,2899689348961,35036.0,16,35036.0;-32618.0;-4528.0;0.0;0.0;0.0;0.0;0.0;0.0;0.0;0.0;0.0;0.0;0.0;0.0;0.0
733,2899689629628,35050.0,16,35050.0;-32618.0;-4528.0;0.0;0.0;0.0;0.0;0.0;0.0;0.0;0.0;0.0;0.0;0.0;0.0;0.0
734,2899689904961,35066.0,16,35066.0;-32618.0;-4528.0;0.0;0.0;0.0;0.0;0.0;0.0;0.0;0.0;0.0;0.0;0.0;0.0;0.0
735,2899690274295,35083.0,16,35083.0;-32618.0;-4528.0;0.0;0.0;0.0;0.0;0.0;0.0;0.0;0.0;0.0;0.0;0.0;0.0;0.0
736,2899891425060,35102.0,16,35102.0;-32645.0;2.0;0.0;0.0;0.0;0.0;0.0;0.0;0.0;0.0;0.0;0.0;0.0;0.0;0.0
737,2899891821060,35122.0,16,35122.0;-32645.0;2.0;0.0;0.0;0.0;0.0;0.0;0.0;0.0;0.0;0.0;0.0;0.0;0.0;0.0
738,2899892098394,35139.0,16,35139.0;-32645.0;2.0;0.0;0.0;0.0;0.0;0.0;0.0;0.0;0.0;0.0;0.0;0.0;0.0;0.0
739,2899892369727,35165.0,16,35165.0;-32645.0;2.0;0.0;0.0;0.0;0.0;0.0;0.0;0.0;0.0;0.0;0.0;0.0;0.0;0.0
740,2899892642394,35163.0,16,35163.0;-32645.0;2.0;0.0;0.0;0.0;0.0;0.0;0.0;0.0;0.0;0.0;0.0;0.0;0.0;0.0
741,2900095788493,35128.0,16,35128.0;-32645.0;1.0;0.0;0.0;0.0;0.0;0.0;0.0;0.0;0.0;0.0;0.0;0.0;0.0;0.0
742,2900096333160,35070.0,16,35070.0;-32645.0;1.0;0.0;0.0;0.0;0.0;0.0;0.0;0.0;0.0;0.0;0.0;0.0;0.0;0.0
743,2900096615160,35032.0,16,35032.0;-32645.0;1.0;0.0;0.0;0.0;0.0;0.0;0.0;0.0;0.0;0.0;0.0;0.0;0.0;0.0
744,2900096891160,35019.0,16,35019.0;-32645.0;1.0;0.0;0.0;0.0;0.0;0.0;0.0;0.0;0.0;0.0;0.0;0.0;0.0;0.0
745,2900097170494,35019.0,16,35019.0;-32645.0;1.0;0.0;0.0;0.0;0.0;0.0;0.0;0.0;0.0;0.0;0.0;0.0;0.0;0.0
746,2900311469265,35038.0,16,35038.0;-32618.0;-4528.0;0.0;0.0;0.0;0.0;0.0;0.0;0.0;0.0;0.0;0.0;0.0;0.0;0.0
747,2900311903932,35045.0,16,35045.0;-32618.0;-4528.0;0.0;0.0;0.0;0.0;0.0;0.0;0.0;0.0;0.0;0.0;0.0;0.0;0.0
748,2900312202599,35060.0,16,35060.0;-32618.0;-4528.0;0.0;0.0;0.0;0.0;0.0;0.0;0.0;0.0;0.0;0.0;0.0;0.0;0.0
749,2900312477932,35068.0,16,35068.0;-32618.0;-4528.0;0.0;0.0;0.0;0.0;0.0;0.0;0.0;0.0;0.0;0.0;0.0;0.0;0.0
750,2900312779266,35078.0,16,35078.0;-32618.0;-4528.0;0.0;0.0;0.0;0.0;0.0;0.0;0.0;0.0;0.0;0.0;0.0;0.0;0.0
751,2900499738024,35096.0,16,35096.0;-32618.0;-4528.0;0.0;0.0;0.0;0.0;0.0;0.0;0.0;0.0;0.0;0.0;0.0;0.0;0.0
752,2900500980024,35108.0,16,35108.0;-32618.0;-4528.0;0.0;0.0;0.0;0.0;0.0;0.0;0.0;0.0;0.0;0.0;0.0;0.0;0.0
753,2900501266691,35132.0,16,35132.0;-32618.0;-4528.0;0.0;0.0;0.0;0.0;0.0;0.0;0.0;0.0;0.0;0.0;0.0;0.0;0.0
754,2900501544691,35148.0,16,35148.0;-32618.0;-4528.0;0.0;0.0;0.0;0.0;0.0;0.0;0.0;0.0;0.0;0.0;0.0;0.0;0.0
755,2900501820691,35164.0,16,35164.0;-32618.0;-4528.0;0.0;0.0;0.0;0.0;0.0;0.0;0.0;0.0;0.0;0.0;0.0;0.0;0.0
756,2900502096691,35154.0,16,35154.0;-32618.0;-4528.0;0.0;0.0;0.0;0.0;0.0;0.0;0.0;0.0;0.0;0.0;0.0;0.0;0.0
757,2900701282122,35108.0,16,35108.0;-32618.0;-4528.0;0.0;0.0;0.0;0.0;0.0;0.0;0.0;0.0;0.0;0.0;0.0;0.0;0.0
758,2900701692122,35048.0,16,35048.0;-32618.0;-4528.0;0.0;0.0;0.0;0.0;0.0;0.0;0.0;0.0;0.0;0.0;0.0;0.0;0.0
759,2900701972122,35000.0,16,35000.0;-32618.0;-4528.0;0.0;0.0;0.0;0.0;0.0;0.0;0.0;0.0;0.0;0.0;0.0;0.0;0.0
760,2900702288122,34971.0,16,34971.0;-32618.0;-4528.0;0.0;0.0;0.0;0.0;0.0;0.0;0.0;0.0;0.0;0.0;0.0;0.0;0.0
761,2900702568123,34973.0,16,34973.0;-32618.0;-4528.0;0.0;0.0;0.0;0.0;0.0;0.0;0.0;0.0;0.0;0.0;0.0;0.0;0.0
762,2900903632221,34986.0,16,34986.0;-32618.0;-4528.0;0.0;0.0;0.0;0.0;0.0;0.0;0.0;0.0;0.0;0.0;0.0;0.0;0.0
763,2900904019554,34998.0,16,34998.0;-32618.0;-4528.0;0.0;0.0;0.0;0.0;0.0;0.0;0.0;0.0;0.0;0.0;0.0;0.0;0.0
764,2900904306221,35001.0,16,35001.0;-32618.0;-4528.0;0.0;0.0;0.0;0.0;0.0;0.0;0.0;0.0;0.0;0.0;0.0;0.0;0.0
765,2900904583555,35013.0,16,35013.0;-32618.0;-4528.0;0.0;0.0;0.0;0.0;0.0;0.0;0.0;0.0;0.0;0.0;0.0;0.0;0.0
766,2900904871555,35019.0,16,35019.0;-32618.0;-4528.0;0.0;0.0;0.0;0.0;0.0;0.0;0.0;0.0;0.0;0.0;0.0;0.0;0.0
767,2901115916324,35027.0,16,35027.0;-32618.0;-4528.0;0.0;0.0;0.0;0.0;0.0;0.0;0.0;0.0;0.0;0.0;0.0;0.0;0.0
768,2901118668326,35033.0,16,35033.0;-32618.0;-4528.0;0.0;0.0;0.0;0.0;0.0;0.0;0.0;0.0;0.0;0.0;0.0;0.0;0.0
769,2901119026993,35044.0,16,35044.0;-32618.0;-4528.0;0.0;0.0;0.0;0.0;0.0;0.0;0.0;0.0;0.0;0.0;0.0;0.0;0.0
770,2901119306993,35060.0,16,35060.0;-32618.0;-4528.0;0.0;0.0;0.0;0.0;0.0;0.0;0.0;0.0;0.0;0.0;0.0;0.0;0.0
771,2901119583660,35044.0,16,35044.0;-32618.0;-4528.0;0.0;0.0;0.0;0.0;0.0;0.0;0.0;0.0;0.0;0.0;0.0;0.0;0.0
772,2901320839758,34992.0,16,34992.0;-32645.0;3.0;0.0;0.0;0.0;0.0;0.0;0.0;0.0;0.0;0.0;0.0;0.0;0.0;0.0
773,2901321233758,34927.0,16,34927.0;-32645.0;3.0;0.0;0.0;0.0;0.0;0.0;0.0;0.0;0.0;0.0;0.0;0.0;0.0;0.0
774,2901321531758,34866.0,16,34866.0;-32645.0;3.0;0.0;0.0;0.0;0.0;0.0;0.0;0.0;0.0;0.0;0.0;0.0;0.0;0.0
775,2901321804425,34830.0,16,34830.0;-32645.0;3.0;0.0;0.0;0.0;0.0;0.0;0.0;0.0;0.0;0.0;0.0;0.0;0.0;0.0
776,2901322075758,34805.0,16,34805.0;-32645.0;3.0;0.0;0.0;0.0;0.0;0.0;0.0;0.0;0.0;0.0;0.0;0.0;0.0;0.0
777,2901517592521,34805.0,16,34805.0;-32618.0;-4528.0;0.0;0.0;0.0;0.0;0.0;0.0;0.0;0.0;0.0;0.0;0.0;0.0;0.0
778,2901518006521,34813.0,16,34813.0;-32618.0;-4528.0;0.0;0.0;0.0;0.0;0.0;0.0;0.0;0.0;0.0;0.0;0.0;0.0;0.0
779,2901518285188,34821.0,16,34821.0;-32618.0;-4528.0;0.0;0.0;0.0;0.0;0.0;0.0;0.0;0.0;0.0;0.0;0.0;0.0;0.0
780,2901518569854,34819.0,16,34819.0;-32618.0;-4528.0;0.0;0.0;0.0;0.0;0.0;0.0;0.0;0.0;0.0;0.0;0.0;0.0;0.0
781,2901518845188,34823.0,16,34823.0;-32618.0;-4528.0;0.0;0.0;0.0;0.0;0.0;0.0;0.0;0.0;0.0;0.0;0.0;0.0;0.0
782,2901714434617,34820.0,16,34820.0;-32618.0;-4528.0;0.0;0.0;0.0;0.0;0.0;0.0;0.0;0.0;0.0;0.0;0.0;0.0;0.0
783,2901714837950,34834.0,16,34834.0;-32618.0;-4528.0;0.0;0.0;0.0;0.0;0.0;0.0;0.0;0.0;0.0;0.0;0.0;0.0;0.0
784,2901715115950,34851.0,16,34851.0;-32618.0;-4528.0;0.0;0.0;0.0;0.0;0.0;0.0;0.0;0.0;0.0;0.0;0.0;0.0;0.0
785,2901715429950,34851.0,16,34851.0;-32618.0;-4528.0;0.0;0.0;0.0;0.0;0.0;0.0;0.0;0.0;0.0;0.0;0.0;0.0;0.0
786,2901715705951,34870.0,16,34870.0;-32618.0;-4528.0;0.0;0.0;0.0;0.0;0.0;0.0;0.0;0.0;0.0;0.0;0.0;0.0;0.0
787,2901918845383,34829.0,16,34829.0;-32618.0;-4528.0;0.0;0.0;0.0;0.0;0.0;0.0;0.0;0.0;0.0;0.0;0.0;0.0;0.0
788,2901919260050,34748.0,16,34748.0;-32618.0;-4528.0;0.0;0.0;0.0;0.0;0.0;0.0;0.0;0.0;0.0;0.0;0.0;0.0;0.0
789,2901919540717,34661.0,16,34661.0;-32618.0;-4528.0;0.0;0.0;0.0;0.0;0.0;0.0;0.0;0.0;0.0;0.0;0.0;0.0;0.0
790,2901919823384,34601.0,16,34601.0;-32618.0;-4528.0;0.0;0.0;0.0;0.0;0.0;0.0;0.0;0.0;0.0;0.0;0.0;0.0;0.0
791,2901920186050,34576.0,16,34576.0;-32618.0;-4528.0;0.0;0.0;0.0;0.0;0.0;0.0;0.0;0.0;0.0;0.0;0.0;0.0;0.0
792,2902120852815,34569.0,16,34569.0;11726.0;-3072.0;0.0;0.0;0.0;0.0;0.0;0.0;0.0;0.0;0.0;0.0;0.0;0.0;0.0
793,2902121294815,34567.0,16,34567.0;11726.0;-3072.0;0.0;0.0;0.0;0.0;0.0;0.0;0.0;0.0;0.0;0.0;0.0;0.0;0.0
794,2902121578815,34569.0,16,34569.0;11726.0;-3072.0;0.0;0.0;0.0;0.0;0.0;0.0;0.0;0.0;0.0;0.0;0.0;0.0;0.0
795,2902121854816,34567.0,16,34567.0;11726.0;-3072.0;0.0;0.0;0.0;0.0;0.0;0.0;0.0;0.0;0.0;0.0;0.0;0.0;0.0
796,2902122132816,34570.0,16,34570.0;11726.0;-3072.0;0.0;0.0;0.0;0.0;0.0;0.0;0.0;0.0;0.0;0.0;0.0;0.0;0.0
797,2902332722919,34573.0,16,34573.0;-32618.0;-4528.0;0.0;0.0;0.0;0.0;0.0;0.0;0.0;0.0;0.0;0.0;0.0;0.0;0.0
798,2902333196919,34585.0,16,34585.0;-32618.0;-4528.0;0.0;0.0;0.0;0.0;0.0;0.0;0.0;0.0;0.0;0.0;0.0;0.0;0.0
799,2902335869587,34581.0,16,34581.0;-32618.0;-4528.0;0.0;0.0;0.0;0.0;0.0;0.0;0.0;0.0;0.0;0.0;0.0;0.0;0.0
800,2902337130921,34598.0,16,34598.0;-32618.0;-4528.0;0.0;0.0;0.0;0.0;0.0;0.0;0.0;0.0;0.0;0.0;0.0;0.0;0.0
801,2902337458254,34638.0,16,34638.0;-32618.0;-4528.0;0.0;0.0;0.0;0.0;0.0;0.0;0.0;0.0;0.0;0.0;0.0;0.0;0.0
802,2902524185012,34652.0,16,34652.0;0.0;1.0;0.0;0.0;0.0;0.0;0.0;0.0;0.0;0.0;0.0;0.0;0.0;0.0;0.0
803,2902524561679,34624.0,16,34624.0;0.0;1.0;0.0;0.0;0.0;0.0;0.0;0.0;0.0;0.0;0.0;0.0;0.0;0.0;0.0
804,2902524819679,34548.0,16,34548.0;0.0;1.0;0.0;0.0;0.0;0.0;0.0;0.0;0.0;0.0;0.0;0.0;0.0;0.0;0.0
805,2902525091013,34457.0,16,34457.0;0.0;1.0;0.0;0.0;0.0;0.0;0.0;0.0;0.0;0.0;0.0;0.0;0.0;0.0;0.0
806,2902525369679,34389.0,16,34389.0;0.0;1.0;0.0;0.0;0.0;0.0;0.0;0.0;0.0;0.0;0.0;0.0;0.0;0.0;0.0
807,2902525627013,34359.0,16,34359.0;0.0;1.0;0.0;0.0;0.0;0.0;0.0;0.0;0.0;0.0;0.0;0.0;0.0;0.0;0.0
808,2902726371777,34344.0,16,34344.0;-32618.0;-4528.0;0.0;0.0;0.0;0.0;0.0;0.0;0.0;0.0;0.0;0.0;0.0;0.0;0.0
809,2902726839111,34358.0,16,34358.0;-32618.0;-4528.0;0.0;0.0;0.0;0.0;0.0;0.0;0.0;0.0;0.0;0.0;0.0;0.0;0.0
810,2902727117778,34365.0,16,34365.0;-32618.0;-4528.0;0.0;0.0;0.0;0.0;0.0;0.0;0.0;0.0;0.0;0.0;0.0;0.0;0.0
811,2902727393111,34362.0,16,34362.0;-32618.0;-4528.0;0.0;0.0;0.0;0.0;0.0;0.0;0.0;0.0;0.0;0.0;0.0;0.0;0.0
812,2902727666445,34368.0,16,34368.0;-32618.0;-4528.0;0.0;0.0;0.0;0.0;0.0;0.0;0.0;0.0;0.0;0.0;0.0;0.0;0.0
813,2902927787876,34380.0,16,34380.0;-32618.0;-4528.0;0.0;0.0;0.0;0.0;0.0;0.0;0.0;0.0;0.0;0.0;0.0;0.0;0.0
814,2902928182543,34378.0,16,34378.0;-32618.0;-4528.0;0.0;0.0;0.0;0.0;0.0;0.0;0.0;0.0;0.0;0.0;0.0;0.0;0.0
815,2902928478543,34391.0,16,34391.0;-32618.0;-4528.0;0.0;0.0;0.0;0.0;0.0;0.0;0.0;0.0;0.0;0.0;0.0;0.0;0.0
816,2902928752543,34405.0,16,34405.0;-32618.0;-4528.0;0.0;0.0;0.0;0.0;0.0;0.0;0.0;0.0;0.0;0.0;0.0;0.0;0.0
817,2902929046543,34436.0,16,34436.0;-32618.0;-4528.0;0.0;0.0;0.0;0.0;0.0;0.0;0.0;0.0;0.0;0.0;0.0;0.0;0.0
818,2903131201975,34460.0,16,34460.0;-32618.0;-4528.0;0.0;0.0;0.0;0.0;0.0;0.0;0.0;0.0;0.0;0.0;0.0;0.0;0.0
819,2903131612642,34491.0,16,34491.0;-32618.0;-4528.0;0.0;0.0;0.0;0.0;0.0;0.0;0.0;0.0;0.0;0.0;0.0;0.0;0.0
820,2903131899975,34529.0,16,34529.0;-32618.0;-4528.0;0.0;0.0;0.0;0.0;0.0;0.0;0.0;0.0;0.0;0.0;0.0;0.0;0.0
821,2903132199309,34553.0,16,34553.0;-32618.0;-4528.0;0.0;0.0;0.0;0.0;0.0;0.0;0.0;0.0;0.0;0.0;0.0;0.0;0.0
822,2903132477309,34523.0,16,34523.0;-32618.0;-4528.0;0.0;0.0;0.0;0.0;0.0;0.0;0.0;0.0;0.0;0.0;0.0;0.0;0.0
823,2903344776079,34430.0,16,34430.0;-32618.0;-4528.0;0.0;0.0;0.0;0.0;0.0;0.0;0.0;0.0;0.0;0.0;0.0;0.0;0.0
824,2903345211413,34353.0,16,34353.0;-32618.0;-4528.0;0.0;0.0;0.0;0.0;0.0;0.0;0.0;0.0;0.0;0.0;0.0;0.0;0.0
825,2903345533413,34297.0,16,34297.0;-32618.0;-4528.0;0.0;0.0;0.0;0.0;0.0;0.0;0.0;0.0;0.0;0.0;0.0;0.0;0.0
826,2903345827413,34263.0,16,34263.0;-32618.0;-4528.0;0.0;0.0;0.0;0.0;0.0;0.0;0.0;0.0;0.0;0.0;0.0;0.0;0.0
827,2903346108080,34263.0,16,34263.0;-32618.0;-4528.0;0.0;0.0;0.0;0.0;0.0;0.0;0.0;0.0;0.0;0.0;0.0;0.0;0.0
828,2903537330840,34267.0,16,34267.0;-32618.0;-4528.0;0.0;0.0;0.0;0.0;0.0;0.0;0.0;0.0;0.0;0.0;0.0;0.0;0.0
829,2903537752840,34290.0,16,34290.0;-32618.0;-4528.0;0.0;0.0;0.0;0.0;0.0;0.0;0.0;0.0;0.0;0.0;0.0;0.0;0.0
830,2903538032840,34296.0,16,34296.0;-32618.0;-4528.0;0.0;0.0;0.0;0.0;0.0;0.0;0.0;0.0;0.0;0.0;0.0;0.0;0.0
831,2903538309507,34290.0,16,34290.0;-32618.0;-4528.0;0.0;0.0;0.0;0.0;0.0;0.0;0.0;0.0;0.0;0.0;0.0;0.0;0.0
832,2903539536175,34301.0,16,34301.0;-32618.0;-4528.0;0.0;0.0;0.0;0.0;0.0;0.0;0.0;0.0;0.0;0.0;0.0;0.0;0.0
833,2903738492272,34311.0,16,34311.0;-32618.0;-4528.0;0.0;0.0;0.0;0.0;0.0;0.0;0.0;0.0;0.0;0.0;0.0;0.0;0.0
834,2903738923605,34324.0,16,34324.0;-32618.0;-4528.0;0.0;0.0;0.0;0.0;0.0;0.0;0.0;0.0;0.0;0.0;0.0;0.0;0.0
835,2903739204272,34344.0,16,34344.0;-32618.0;-4528.0;0.0;0.0;0.0;0.0;0.0;0.0;0.0;0.0;0.0;0.0;0.0;0.0;0.0
836,2903739482939,34371.0,16,34371.0;-32618.0;-4528.0;0.0;0.0;0.0;0.0;0.0;0.0;0.0;0.0;0.0;0.0;0.0;0.0;0.0
837,2903741510273,34404.0,16,34404.0;-32618.0;-4528.0;0.0;0.0;0.0;0.0;0.0;0.0;0.0;0.0;0.0;0.0;0.0;0.0;0.0
838,2903939866370,34424.0,16,34424.0;-32618.0;-4528.0;0.0;0.0;0.0;0.0;0.0;0.0;0.0;0.0;0.0;0.0;0.0;0.0;0.0
839,2903940364370,34459.0,16,34459.0;-32618.0;-4528.0;0.0;0.0;0.0;0.0;0.0;0.0;0.0;0.0;0.0;0.0;0.0;0.0;0.0
840,2903941267704,34498.0,16,34498.0;-32618.0;-4528.0;0.0;0.0;0.0;0.0;0.0;0.0;0.0;0.0;0.0;0.0;0.0;0.0;0.0
841,2903941549704,34534.0,16,34534.0;-32618.0;-4528.0;0.0;0.0;0.0;0.0;0.0;0.0;0.0;0.0;0.0;0.0;0.0;0.0;0.0
842,2903941858371,34518.0,16,34518.0;-32618.0;-4528.0;0.0;0.0;0.0;0.0;0.0;0.0;0.0;0.0;0.0;0.0;0.0;0.0;0.0
843,2904143304469,34447.0,16,34447.0;-32618.0;-4528.0;0.0;0.0;0.0;0.0;0.0;0.0;0.0;0.0;0.0;0.0;0.0;0.0;0.0
844,2904143715136,34368.0,16,34368.0;-32618.0;-4528.0;0.0;0.0;0.0;0.0;0.0;0.0;0.0;0.0;0.0;0.0;0.0;0.0;0.0
845,2904144056470,34328.0,16,34328.0;-32618.0;-4528.0;0.0;0.0;0.0;0.0;0.0;0.0;0.0;0.0;0.0;0.0;0.0;0.0;0.0
846,2904144333803,34306.0,16,34306.0;-32618.0;-4528.0;0.0;0.0;0.0;0.0;0.0;0.0;0.0;0.0;0.0;0.0;0.0;0.0;0.0
847,2904144616470,34313.0,16,34313.0;-32618.0;-4528.0;0.0;0.0;0.0;0.0;0.0;0.0;0.0;0.0;0.0;0.0;0.0;0.0;0.0
848,2904358897241,34319.0,16,34319.0;0.0;0.0;0.0;0.0;0.0;0.0;0.0;0.0;0.0;0.0;0.0;0.0;0.0;0.0;0.0
849,2904359296575,34331.0,16,34331.0;0.0;0.0;0.0;0.0;0.0;0.0;0.0;0.0;0.0;0.0;0.0;0.0;0.0;0.0;0.0
850,2904359541908,34328.0,16,34328.0;0.0;0.0;0.0;0.0;0.0;0.0;0.0;0.0;0.0;0.0;0.0;0.0;0.0;0.0;0.0
851,2904359785242,34358.0,16,34358.0;0.0;0.0;0.0;0.0;0.0;0.0;0.0;0.0;0.0;0.0;0.0;0.0;0.0;0.0;0.0
852,2904360121909,34375.0,16,34375.0;0.0;0.0;0.0;0.0;0.0;0.0;0.0;0.0;0.0;0.0;0.0;0.0;0.0;0.0;0.0
853,2904360373242,34392.0,16,34392.0;0.0;0.0;0.0;0.0;0.0;0.0;0.0;0.0;0.0;0.0;0.0;0.0;0.0;0.0;0.0
854,2904547117333,34404.0,16,34404.0;-32618.0;-4528.0;0.0;0.0;0.0;0.0;0.0;0.0;0.0;0.0;0.0;0.0;0.0;0.0;0.0
855,2904547516000,34426.0,16,34426.0;-32618.0;-4528.0;0.0;0.0;0.0;0.0;0.0;0.0;0.0;0.0;0.0;0.0;0.0;0.0;0.0
856,2904547798000,34448.0,16,34448.0;-32618.0;-4528.0;0.0;0.0;0.0;0.0;0.0;0.0;0.0;0.0;0.0;0.0;0.0;0.0;0.0
857,2904548076000,34475.0,16,34475.0;-32618.0;-4528.0;0.0;0.0;0.0;0.0;0.0;0.0;0.0;0.0;0.0;0.0;0.0;0.0;0.0
858,2904548354000,34504.0,16,34504.0;-32618.0;-4528.0;0.0;0.0;0.0;0.0;0.0;0.0;0.0;0.0;0.0;0.0;0.0;0.0;0.0
859,2904749505432,34537.0,16,34537.0;-32618.0;-4528.0;0.0;0.0;0.0;0.0;0.0;0.0;0.0;0.0;0.0;0.0;0.0;0.0;0.0
860,2904749921432,34572.0,16,34572.0;-32618.0;-4528.0;0.0;0.0;0.0;0.0;0.0;0.0;0.0;0.0;0.0;0.0;0.0;0.0;0.0
861,2904752031433,34589.0,16,34589.0;-32618.0;-4528.0;0.0;0.0;0.0;0.0;0.0;0.0;0.0;0.0;0.0;0.0;0.0;0.0;0.0
862,2904752327433,34552.0,16,34552.0;-32618.0;-4528.0;0.0;0.0;0.0;0.0;0.0;0.0;0.0;0.0;0.0;0.0;0.0;0.0;0.0
863,2904752619433,34476.0,16,34476.0;-32618.0;-4528.0;0.0;0.0;0.0;0.0;0.0;0.0;0.0;0.0;0.0;0.0;0.0;0.0;0.0
864,2904953486198,34407.0,16,34407.0;-32618.0;-4528.0;0.0;0.0;0.0;0.0;0.0;0.0;0.0;0.0;0.0;0.0;0.0;0.0;0.0
865,2904953898198,34351.0,16,34351.0;-32618.0;-4528.0;0.0;0.0;0.0;0.0;0.0;0.0;0.0;0.0;0.0;0.0;0.0;0.0;0.0
866,2904954213532,34333.0,16,34333.0;-32618.0;-4528.0;0.0;0.0;0.0;0.0;0.0;0.0;0.0;0.0;0.0;0.0;0.0;0.0;0.0
867,2904954494199,34337.0,16,34337.0;-32618.0;-4528.0;0.0;0.0;0.0;0.0;0.0;0.0;0.0;0.0;0.0;0.0;0.0;0.0;0.0
868,2904954770866,34337.0,16,34337.0;-32618.0;-4528.0;0.0;0.0;0.0;0.0;0.0;0.0;0.0;0.0;0.0;0.0;0.0;0.0;0.0
869,2905155326963,34354.0,16,34354.0;-32618.0;-4528.0;0.0;0.0;0.0;0.0;0.0;0.0;0.0;0.0;0.0;0.0;0.0;0.0;0.0
870,2905155749630,34361.0,16,34361.0;-32618.0;-4528.0;0.0;0.0;0.0;0.0;0.0;0.0;0.0;0.0;0.0;0.0;0.0;0.0;0.0
871,2905156033630,34373.0,16,34373.0;-32618.0;-4528.0;0.0;0.0;0.0;0.0;0.0;0.0;0.0;0.0;0.0;0.0;0.0;0.0;0.0
872,2905156318964,34380.0,16,34380.0;-32618.0;-4528.0;0.0;0.0;0.0;0.0;0.0;0.0;0.0;0.0;0.0;0.0;0.0;0.0;0.0
873,2905156616297,34392.0,16,34392.0;-32618.0;-4528.0;0.0;0.0;0.0;0.0;0.0;0.0;0.0;0.0;0.0;0.0;0.0;0.0;0.0
874,2905368840401,34417.0,16,34417.0;-32645.0;3.0;0.0;0.0;0.0;0.0;0.0;0.0;0.0;0.0;0.0;0.0;0.0;0.0;0.0
875,2905369247735,34441.0,16,34441.0;-32645.0;3.0;0.0;0.0;0.0;0.0;0.0;0.0;0.0;0.0;0.0;0.0;0.0;0.0;0.0
876,2905369523735,34460.0,16,34460.0;-32645.0;3.0;0.0;0.0;0.0;0.0;0.0;0.0;0.0;0.0;0.0;0.0;0.0;0.0;0.0
877,2905369795068,34492.0,16,34492.0;-32645.0;3.0;0.0;0.0;0.0;0.0;0.0;0.0;0.0;0.0;0.0;0.0;0.0;0.0;0.0
878,2905370167068,34520.0,16,34520.0;-32645.0;3.0;0.0;0.0;0.0;0.0;0.0;0.0;0.0;0.0;0.0;0.0;0.0;0.0;0.0
879,2905559179827,34548.0,16,34548.0;-32618.0;-4528.0;0.0;0.0;0.0;0.0;0.0;0.0;0.0;0.0;0.0;0.0;0.0;0.0;0.0
880,2905559589828,34584.0,16,34584.0;-32618.0;-4528.0;0.0;0.0;0.0;0.0;0.0;0.0;0.0;0.0;0.0;0.0;0.0;0.0;0.0
881,2905559883161,34588.0,16,34588.0;-32618.0;-4528.0;0.0;0.0;0.0;0.0;0.0;0.0;0.0;0.0;0.0;0.0;0.0;0.0;0.0
882,2905560251161,34531.0,16,34531.0;-32618.0;-4528.0;0.0;0.0;0.0;0.0;0.0;0.0;0.0;0.0;0.0;0.0;0.0;0.0;0.0
883,2905560529161,34458.0,16,34458.0;-32618.0;-4528.0;0.0;0.0;0.0;0.0;0.0;0.0;0.0;0.0;0.0;0.0;0.0;0.0;0.0
884,2905761560593,34385.0,16,34385.0;-32618.0;-4528.0;0.0;0.0;0.0;0.0;0.0;0.0;0.0;0.0;0.0;0.0;0.0;0.0;0.0
885,2905761954593,34354.0,16,34354.0;-32618.0;-4528.0;0.0;0.0;0.0;0.0;0.0;0.0;0.0;0.0;0.0;0.0;0.0;0.0;0.0
886,2905762917260,34343.0,16,34343.0;-32618.0;-4528.0;0.0;0.0;0.0;0.0;0.0;0.0;0.0;0.0;0.0;0.0;0.0;0.0;0.0
887,2905763232594,34343.0,16,34343.0;-32618.0;-4528.0;0.0;0.0;0.0;0.0;0.0;0.0;0.0;0.0;0.0;0.0;0.0;0.0;0.0
888,2905763512594,34350.0,16,34350.0;-32618.0;-4528.0;0.0;0.0;0.0;0.0;0.0;0.0;0.0;0.0;0.0;0.0;0.0;0.0;0.0
889,2905963972692,34362.0,16,34362.0;-32618.0;-4528.0;0.0;0.0;0.0;0.0;0.0;0.0;0.0;0.0;0.0;0.0;0.0;0.0;0.0
890,2905964367359,34369.0,16,34369.0;-32618.0;-4528.0;0.0;0.0;0.0;0.0;0.0;0.0;0.0;0.0;0.0;0.0;0.0;0.0;0.0
891,2905964646692,34370.0,16,34370.0;-32618.0;-4528.0;0.0;0.0;0.0;0.0;0.0;0.0;0.0;0.0;0.0;0.0;0.0;0.0;0.0
892,2905964923359,34388.0,16,34388.0;-32618.0;-4528.0;0.0;0.0;0.0;0.0;0.0;0.0;0.0;0.0;0.0;0.0;0.0;0.0;0.0
893,2905965222026,34403.0,16,34403.0;-32618.0;-4528.0;0.0;0.0;0.0;0.0;0.0;0.0;0.0;0.0;0.0;0.0;0.0;0.0;0.0
894,2906167488791,34406.0,16,34406.0;-32618.0;-4528.0;0.0;0.0;0.0;0.0;0.0;0.0;0.0;0.0;0.0;0.0;0.0;0.0;0.0
895,2906167902791,34430.0,16,34430.0;-32618.0;-4528.0;0.0;0.0;0.0;0.0;0.0;0.0;0.0;0.0;0.0;0.0;0.0;0.0;0.0
896,2906169294792,34460.0,16,34460.0;-32618.0;-4528.0;0.0;0.0;0.0;0.0;0.0;0.0;0.0;0.0;0.0;0.0;0.0;0.0;0.0
897,2906169604125,34488.0,16,34488.0;-32618.0;-4528.0;0.0;0.0;0.0;0.0;0.0;0.0;0.0;0.0;0.0;0.0;0.0;0.0;0.0
898,2906169880792,34520.0,16,34520.0;-32618.0;-4528.0;0.0;0.0;0.0;0.0;0.0;0.0;0.0;0.0;0.0;0.0;0.0;0.0;0.0
899,2906379886895,34556.0,16,34556.0;-32618.0;-4528.0;0.0;0.0;0.0;0.0;0.0;0.0;0.0;0.0;0.0;0.0;0.0;0.0;0.0
900,2906380362895,34586.0,16,34586.0;-32618.0;-4528.0;0.0;0.0;0.0;0.0;0.0;0.0;0.0;0.0;0.0;0.0;0.0;0.0;0.0
901,2906380663562,34573.0,16,34573.0;-32618.0;-4528.0;0.0;0.0;0.0;0.0;0.0;0.0;0.0;0.0;0.0;0.0;0.0;0.0;0.0
902,2906380948229,34510.0,16,34510.0;-32618.0;-4528.0;0.0;0.0;0.0;0.0;0.0;0.0;0.0;0.0;0.0;0.0;0.0;0.0;0.0
903,2906381223562,34443.0,16,34443.0;-32618.0;-4528.0;0.0;0.0;0.0;0.0;0.0;0.0;0.0;0.0;0.0;0.0;0.0;0.0;0.0
904,2906381498229,34397.0,16,34397.0;-32618.0;-4528.0;0.0;0.0;0.0;0.0;0.0;0.0;0.0;0.0;0.0;0.0;0.0;0.0;0.0
905,2906571173655,34381.0,16,34381.0;-32618.0;-4528.0;0.0;0.0;0.0;0.0;0.0;0.0;0.0;0.0;0.0;0.0;0.0;0.0;0.0
906,2906571588988,34380.0,16,34380.0;-32618.0;-4528.0;0.0;0.0;0.0;0.0;0.0;0.0;0.0;0.0;0.0;0.0;0.0;0.0;0.0
907,2906571900322,34392.0,16,34392.0;-32618.0;-4528.0;0.0;0.0;0.0;0.0;0.0;0.0;0.0;0.0;0.0;0.0;0.0;0.0;0.0
908,2906572180322,34406.0,16,34406.0;-32618.0;-4528.0;0.0;0.0;0.0;0.0;0.0;0.0;0.0;0.0;0.0;0.0;0.0;0.0;0.0
909,2906572456989,34415.0,16,34415.0;-32618.0;-4528.0;0.0;0.0;0.0;0.0;0.0;0.0;0.0;0.0;0.0;0.0;0.0;0.0;0.0
910,2906773610420,34435.0,16,34435.0;-32618.0;-4528.0;0.0;0.0;0.0;0.0;0.0;0.0;0.0;0.0;0.0;0.0;0.0;0.0;0.0
911,2906774017754,34448.0,16,34448.0;-32618.0;-4528.0;0.0;0.0;0.0;0.0;0.0;0.0;0.0;0.0;0.0;0.0;0.0;0.0;0.0
912,2906774301754,34463.0,16,34463.0;-32618.0;-4528.0;0.0;0.0;0.0;0.0;0.0;0.0;0.0;0.0;0.0;0.0;0.0;0.0;0.0
913,2906774576421,34489.0,16,34489.0;-32618.0;-4528.0;0.0;0.0;0.0;0.0;0.0;0.0;0.0;0.0;0.0;0.0;0.0;0.0;0.0
914,2906774923754,34503.0,16,34503.0;-32618.0;-4528.0;0.0;0.0;0.0;0.0;0.0;0.0;0.0;0.0;0.0;0.0;0.0;0.0;0.0
915,2906976154519,34528.0,16,34528.0;-32645.0;3.0;0.0;0.0;0.0;0.0;0.0;0.0;0.0;0.0;0.0;0.0;0.0;0.0;0.0
916,2906976563186,34549.0,16,34549.0;-32645.0;3.0;0.0;0.0;0.0;0.0;0.0;0.0;0.0;0.0;0.0;0.0;0.0;0.0;0.0
917,2906976841186,34582.0,16,34582.0;-32645.0;3.0;0.0;0.0;0.0;0.0;0.0;0.0;0.0;0.0;0.0;0.0;0.0;0.0;0.0
918,2906977130520,34613.0,16,34613.0;-32645.0;3.0;0.0;0.0;0.0;0.0;0.0;0.0;0.0;0.0;0.0;0.0;0.0;0.0;0.0
919,2906977401853,34633.0,16,34633.0;-32645.0;3.0;0.0;0.0;0.0;0.0;0.0;0.0;0.0;0.0;0.0;0.0;0.0;0.0;0.0
920,2907180659952,34628.0,16,34628.0;-32645.0;2.0;0.0;0.0;0.0;0.0;0.0;0.0;0.0;0.0;0.0;0.0;0.0;0.0;0.0
921,2907181069953,34590.0,16,34590.0;-32645.0;2.0;0.0;0.0;0.0;0.0;0.0;0.0;0.0;0.0;0.0;0.0;0.0;0.0;0.0
922,2907181347286,34537.0,16,34537.0;-32645.0;2.0;0.0;0.0;0.0;0.0;0.0;0.0;0.0;0.0;0.0;0.0;0.0;0.0;0.0
923,2907181625286,34504.0,16,34504.0;-32645.0;2.0;0.0;0.0;0.0;0.0;0.0;0.0;0.0;0.0;0.0;0.0;0.0;0.0;0.0
924,2907181896620,34484.0,16,34484.0;-32645.0;2.0;0.0;0.0;0.0;0.0;0.0;0.0;0.0;0.0;0.0;0.0;0.0;0.0;0.0
925,2907401324727,34493.0,16,34493.0;-32645.0;1.0;0.0;0.0;0.0;0.0;0.0;0.0;0.0;0.0;0.0;0.0;0.0;0.0;0.0
926,2907401794060,34506.0,16,34506.0;-32645.0;1.0;0.0;0.0;0.0;0.0;0.0;0.0;0.0;0.0;0.0;0.0;0.0;0.0;0.0
927,2907402096727,34528.0,16,34528.0;-32645.0;1.0;0.0;0.0;0.0;0.0;0.0;0.0;0.0;0.0;0.0;0.0;0.0;0.0;0.0
928,2907403064728,34543.0,16,34543.0;-32645.0;1.0;0.0;0.0;0.0;0.0;0.0;0.0;0.0;0.0;0.0;0.0;0.0;0.0;0.0
929,2907403362728,34548.0,16,34548.0;-32645.0;1.0;0.0;0.0;0.0;0.0;0.0;0.0;0.0;0.0;0.0;0.0;0.0;0.0;0.0
930,2907583419482,34562.0,16,34562.0;-32618.0;-4528.0;0.0;0.0;0.0;0.0;0.0;0.0;0.0;0.0;0.0;0.0;0.0;0.0;0.0
931,2907583814149,34585.0,16,34585.0;-32618.0;-4528.0;0.0;0.0;0.0;0.0;0.0;0.0;0.0;0.0;0.0;0.0;0.0;0.0;0.0
932,2907584093483,34608.0,16,34608.0;-32618.0;-4528.0;0.0;0.0;0.0;0.0;0.0;0.0;0.0;0.0;0.0;0.0;0.0;0.0;0.0
933,2907584366816,34630.0,16,34630.0;-32618.0;-4528.0;0.0;0.0;0.0;0.0;0.0;0.0;0.0;0.0;0.0;0.0;0.0;0.0;0.0
934,2907584645483,34648.0,16,34648.0;-32618.0;-4528.0;0.0;0.0;0.0;0.0;0.0;0.0;0.0;0.0;0.0;0.0;0.0;0.0;0.0
935,2907786882248,34681.0,16,34681.0;-32645.0;3.0;0.0;0.0;0.0;0.0;0.0;0.0;0.0;0.0;0.0;0.0;0.0;0.0;0.0
936,2907787252915,34697.0,16,34697.0;-32645.0;3.0;0.0;0.0;0.0;0.0;0.0;0.0;0.0;0.0;0.0;0.0;0.0;0.0;0.0
937,2907787526249,34726.0,16,34726.0;-32645.0;3.0;0.0;0.0;0.0;0.0;0.0;0.0;0.0;0.0;0.0;0.0;0.0;0.0;0.0
938,2907787799582,34745.0,16,34745.0;-32645.0;3.0;0.0;0.0;0.0;0.0;0.0;0.0;0.0;0.0;0.0;0.0;0.0;0.0;0.0
939,2907788122916,34698.0,16,34698.0;-32645.0;3.0;0.0;0.0;0.0;0.0;0.0;0.0;0.0;0.0;0.0;0.0;0.0;0.0;0.0
940,2907989573681,34652.0,16,34652.0;-32645.0;2.0;0.0;0.0;0.0;0.0;0.0;0.0;0.0;0.0;0.0;0.0;0.0;0.0;0.0
941,2907989966348,34608.0,16,34608.0;-32645.0;2.0;0.0;0.0;0.0;0.0;0.0;0.0;0.0;0.0;0.0;0.0;0.0;0.0;0.0
942,2907990331681,34596.0,16,34596.0;-32645.0;2.0;0.0;0.0;0.0;0.0;0.0;0.0;0.0;0.0;0.0;0.0;0.0;0.0;0.0
943,2907990604348,34608.0,16,34608.0;-32645.0;2.0;0.0;0.0;0.0;0.0;0.0;0.0;0.0;0.0;0.0;0.0;0.0;0.0;0.0
944,2907990931015,34622.0,16,34622.0;-32645.0;2.0;0.0;0.0;0.0;0.0;0.0;0.0;0.0;0.0;0.0;0.0;0.0;0.0;0.0
945,2908191759779,34636.0,16,34636.0;-32618.0;-4528.0;0.0;0.0;0.0;0.0;0.0;0.0;0.0;0.0;0.0;0.0;0.0;0.0;0.0
946,2908192151780,34658.0,16,34658.0;-32618.0;-4528.0;0.0;0.0;0.0;0.0;0.0;0.0;0.0;0.0;0.0;0.0;0.0;0.0;0.0
947,2908192429780,34676.0,16,34676.0;-32618.0;-4528.0;0.0;0.0;0.0;0.0;0.0;0.0;0.0;0.0;0.0;0.0;0.0;0.0;0.0
948,2908192703780,34699.0,16,34699.0;-32618.0;-4528.0;0.0;0.0;0.0;0.0;0.0;0.0;0.0;0.0;0.0;0.0;0.0;0.0;0.0
949,2908192979113,34708.0,16,34708.0;-32618.0;-4528.0;0.0;0.0;0.0;0.0;0.0;0.0;0.0;0.0;0.0;0.0;0.0;0.0;0.0
950,2908193254447,34726.0,16,34726.0;-32618.0;-4528.0;0.0;0.0;0.0;0.0;0.0;0.0;0.0;0.0;0.0;0.0;0.0;0.0;0.0
951,2908419415224,34748.0,16,34748.0;-32618.0;-4528.0;0.0;0.0;0.0;0.0;0.0;0.0;0.0;0.0;0.0;0.0;0.0;0.0;0.0
952,2908419886557,34779.0,16,34779.0;-32618.0;-4528.0;0.0;0.0;0.0;0.0;0.0;0.0;0.0;0.0;0.0;0.0;0.0;0.0;0.0
953,2908420317224,34807.0,16,34807.0;-32618.0;-4528.0;0.0;0.0;0.0;0.0;0.0;0.0;0.0;0.0;0.0;0.0;0.0;0.0;0.0
954,2908420597225,34835.0,16,34835.0;-32618.0;-4528.0;0.0;0.0;0.0;0.0;0.0;0.0;0.0;0.0;0.0;0.0;0.0;0.0;0.0
955,2908420874558,34862.0,16,34862.0;-32618.0;-4528.0;0.0;0.0;0.0;0.0;0.0;0.0;0.0;0.0;0.0;0.0;0.0;0.0;0.0
956,2908599480645,34876.0,16,34876.0;-32618.0;-4528.0;0.0;0.0;0.0;0.0;0.0;0.0;0.0;0.0;0.0;0.0;0.0;0.0;0.0
957,2908601310646,34829.0,16,34829.0;-32618.0;-4528.0;0.0;0.0;0.0;0.0;0.0;0.0;0.0;0.0;0.0;0.0;0.0;0.0;0.0
958,2908601597313,34783.0,16,34783.0;-32618.0;-4528.0;0.0;0.0;0.0;0.0;0.0;0.0;0.0;0.0;0.0;0.0;0.0;0.0;0.0
959,2908601872646,34752.0,16,34752.0;-32618.0;-4528.0;0.0;0.0;0.0;0.0;0.0;0.0;0.0;0.0;0.0;0.0;0.0;0.0;0.0
960,2908602772647,34743.0,16,34743.0;-32618.0;-4528.0;0.0;0.0;0.0;0.0;0.0;0.0;0.0;0.0;0.0;0.0;0.0;0.0;0.0
961,2908797958075,34751.0,16,34751.0;-32618.0;-4528.0;0.0;0.0;0.0;0.0;0.0;0.0;0.0;0.0;0.0;0.0;0.0;0.0;0.0
962,2908798368742,34773.0,16,34773.0;-32618.0;-4528.0;0.0;0.0;0.0;0.0;0.0;0.0;0.0;0.0;0.0;0.0;0.0;0.0;0.0
963,2908798650076,34792.0,16,34792.0;-32618.0;-4528.0;0.0;0.0;0.0;0.0;0.0;0.0;0.0;0.0;0.0;0.0;0.0;0.0;0.0
964,2908798925409,34800.0,16,34800.0;-32618.0;-4528.0;0.0;0.0;0.0;0.0;0.0;0.0;0.0;0.0;0.0;0.0;0.0;0.0;0.0
965,2908799214743,34818.0,16,34818.0;-32618.0;-4528.0;0.0;0.0;0.0;0.0;0.0;0.0;0.0;0.0;0.0;0.0;0.0;0.0;0.0
966,2909000540174,34841.0,16,34841.0;-32618.0;-4528.0;0.0;0.0;0.0;0.0;0.0;0.0;0.0;0.0;0.0;0.0;0.0;0.0;0.0
967,2909000934175,34857.0,16,34857.0;-32618.0;-4528.0;0.0;0.0;0.0;0.0;0.0;0.0;0.0;0.0;0.0;0.0;0.0;0.0;0.0
968,2909001246841,34881.0,16,34881.0;-32618.0;-4528.0;0.0;0.0;0.0;0.0;0.0;0.0;0.0;0.0;0.0;0.0;0.0;0.0;0.0
969,2909001535508,34907.0,16,34907.0;-32618.0;-4528.0;0.0;0.0;0.0;0.0;0.0;0.0;0.0;0.0;0.0;0.0;0.0;0.0;0.0
970,2909001816175,34935.0,16,34935.0;-32618.0;-4528.0;0.0;0.0;0.0;0.0;0.0;0.0;0.0;0.0;0.0;0.0;0.0;0.0;0.0
971,2909204792274,34954.0,16,34954.0;-32645.0;0.0;0.0;0.0;0.0;0.0;0.0;0.0;0.0;0.0;0.0;0.0;0.0;0.0;0.0
972,2909205191608,34983.0,16,34983.0;-32645.0;0.0;0.0;0.0;0.0;0.0;0.0;0.0;0.0;0.0;0.0;0.0;0.0;0.0;0.0
973,2909205474274,34987.0,16,34987.0;-32645.0;0.0;0.0;0.0;0.0;0.0;0.0;0.0;0.0;0.0;0.0;0.0;0.0;0.0;0.0
974,2909205772275,34953.0,16,34953.0;-32645.0;0.0;0.0;0.0;0.0;0.0;0.0;0.0;0.0;0.0;0.0;0.0;0.0;0.0;0.0
975,2909206032275,34895.0,16,34895.0;-32645.0;0.0;0.0;0.0;0.0;0.0;0.0;0.0;0.0;0.0;0.0;0.0;0.0;0.0;0.0
976,2909421085713,34855.0,16,34855.0;-32618.0;-4528.0;0.0;0.0;0.0;0.0;0.0;0.0;0.0;0.0;0.0;0.0;0.0;0.0;0.0
977,2909421499047,34831.0,16,34831.0;-32618.0;-4528.0;0.0;0.0;0.0;0.0;0.0;0.0;0.0;0.0;0.0;0.0;0.0;0.0;0.0
978,2909421828380,34841.0,16,34841.0;-32618.0;-4528.0;0.0;0.0;0.0;0.0;0.0;0.0;0.0;0.0;0.0;0.0;0.0;0.0;0.0
979,2909422105047,34857.0,16,34857.0;-32618.0;-4528.0;0.0;0.0;0.0;0.0;0.0;0.0;0.0;0.0;0.0;0.0;0.0;0.0;0.0
980,2909422381047,34871.0,16,34871.0;-32618.0;-4528.0;0.0;0.0;0.0;0.0;0.0;0.0;0.0;0.0;0.0;0.0;0.0;0.0;0.0
981,2909607670471,34876.0,16,34876.0;-32618.0;-4528.0;0.0;0.0;0.0;0.0;0.0;0.0;0.0;0.0;0.0;0.0;0.0;0.0;0.0
982,2909609127138,34893.0,16,34893.0;-32618.0;-4528.0;0.0;0.0;0.0;0.0;0.0;0.0;0.0;0.0;0.0;0.0;0.0;0.0;0.0
983,2909609411138,34901.0,16,34901.0;-32618.0;-4528.0;0.0;0.0;0.0;0.0;0.0;0.0;0.0;0.0;0.0;0.0;0.0;0.0;0.0
984,2909609685805,34913.0,16,34913.0;-32618.0;-4528.0;0.0;0.0;0.0;0.0;0.0;0.0;0.0;0.0;0.0;0.0;0.0;0.0;0.0
985,2909609961805,34930.0,16,34930.0;-32618.0;-4528.0;0.0;0.0;0.0;0.0;0.0;0.0;0.0;0.0;0.0;0.0;0.0;0.0;0.0
986,2909811183237,34942.0,16,34942.0;-32618.0;-4528.0;0.0;0.0;0.0;0.0;0.0;0.0;0.0;0.0;0.0;0.0;0.0;0.0;0.0
987,2909811580570,34974.0,16,34974.0;-32618.0;-4528.0;0.0;0.0;0.0;0.0;0.0;0.0;0.0;0.0;0.0;0.0;0.0;0.0;0.0
988,2909811861237,34995.0,16,34995.0;-32618.0;-4528.0;0.0;0.0;0.0;0.0;0.0;0.0;0.0;0.0;0.0;0.0;0.0;0.0;0.0
989,2909812136571,35015.0,16,35015.0;-32618.0;-4528.0;0.0;0.0;0.0;0.0;0.0;0.0;0.0;0.0;0.0;0.0;0.0;0.0;0.0
990,2909812435904,35005.0,16,35005.0;-32618.0;-4528.0;0.0;0.0;0.0;0.0;0.0;0.0;0.0;0.0;0.0;0.0;0.0;0.0;0.0
991,2909812715904,34937.0,16,34937.0;-32618.0;-4528.0;0.0;0.0;0.0;0.0;0.0;0.0;0.0;0.0;0.0;0.0;0.0;0.0;0.0
992,2910012564668,34876.0,16,34876.0;-32618.0;-4528.0;0.0;0.0;0.0;0.0;0.0;0.0;0.0;0.0;0.0;0.0;0.0;0.0;0.0
993,2910012964002,34844.0,16,34844.0;-32618.0;-4528.0;0.0;0.0;0.0;0.0;0.0;0.0;0.0;0.0;0.0;0.0;0.0;0.0;0.0
994,2910013242669,34824.0,16,34824.0;-32618.0;-4528.0;0.0;0.0;0.0;0.0;0.0;0.0;0.0;0.0;0.0;0.0;0.0;0.0;0.0
995,2910013516002,34834.0,16,34834.0;-32618.0;-4528.0;0.0;0.0;0.0;0.0;0.0;0.0;0.0;0.0;0.0;0.0;0.0;0.0;0.0
996,2910013792002,34839.0,16,34839.0;-32618.0;-4528.0;0.0;0.0;0.0;0.0;0.0;0.0;0.0;0.0;0.0;0.0;0.0;0.0;0.0
997,2910217013435,34833.0,16,34833.0;-32618.0;-4528.0;0.0;0.0;0.0;0.0;0.0;0.0;0.0;0.0;0.0;0.0;0.0;0.0;0.0
998,2910217411435,34850.0,16,34850.0;-32618.0;-4528.0;0.0;0.0;0.0;0.0;0.0;0.0;0.0;0.0;0.0;0.0;0.0;0.0;0.0
999,2910217728769,34873.0,16,34873.0;-32618.0;-4528.0;0.0;0.0;0.0;0.0;0.0;0.0;0.0;0.0;0.0;0.0;0.0;0.0;0.0
1000,2910218005435,34875.0,16,34875.0;-32618.0;-4528.0;0.0;0.0;0.0;0.0;0.0;0.0;0.0;0.0;0.0;0.0;0.0;0.0;0.0
1001,2910218278102,34889.0,16,34889.0;-32618.0;-4528.0;0.0;0.0;0.0;0.0;0.0;0.0;0.0;0.0;0.0;0.0;0.0;0.0;0.0
1002,2910432507540,34899.0,16,34899.0;-32618.0;-4528.0;0.0;0.0;0.0;0.0;0.0;0.0;0.0;0.0;0.0;0.0;0.0;0.0;0.0
1003,2910432912207,34910.0,16,34910.0;-32618.0;-4528.0;0.0;0.0;0.0;0.0;0.0;0.0;0.0;0.0;0.0;0.0;0.0;0.0;0.0
1004,2910433192207,34939.0,16,34939.0;-32618.0;-4528.0;0.0;0.0;0.0;0.0;0.0;0.0;0.0;0.0;0.0;0.0;0.0;0.0;0.0
1005,2910438350876,34940.0,16,34940.0;-32618.0;-4528.0;0.0;0.0;0.0;0.0;0.0;0.0;0.0;0.0;0.0;0.0;0.0;0.0;0.0
1006,2910438646877,34900.0,16,34900.0;-32618.0;-4528.0;0.0;0.0;0.0;0.0;0.0;0.0;0.0;0.0;0.0;0.0;0.0;0.0;0.0
1007,2910619806965,34828.0,16,34828.0;-32618.0;-4528.0;0.0;0.0;0.0;0.0;0.0;0.0;0.0;0.0;0.0;0.0;0.0;0.0;0.0
1008,2910620318299,34755.0,16,34755.0;-32618.0;-4528.0;0.0;0.0;0.0;0.0;0.0;0.0;0.0;0.0;0.0;0.0;0.0;0.0;0.0
1009,2910620599632,34723.0,16,34723.0;-32618.0;-4528.0;0.0;0.0;0.0;0.0;0.0;0.0;0.0;0.0;0.0;0.0;0.0;0.0;0.0
1010,2910620872966,34703.0,16,34703.0;-32618.0;-4528.0;0.0;0.0;0.0;0.0;0.0;0.0;0.0;0.0;0.0;0.0;0.0;0.0;0.0
1011,2910621146966,34713.0,16,34713.0;-32618.0;-4528.0;0.0;0.0;0.0;0.0;0.0;0.0;0.0;0.0;0.0;0.0;0.0;0.0;0.0
1012,2910822254397,34716.0,16,34716.0;-32618.0;-4528.0;0.0;0.0;0.0;0.0;0.0;0.0;0.0;0.0;0.0;0.0;0.0;0.0;0.0
1013,2910822705731,34720.0,16,34720.0;-32618.0;-4528.0;0.0;0.0;0.0;0.0;0.0;0.0;0.0;0.0;0.0;0.0;0.0;0.0;0.0
1014,2910823009064,34730.0,16,34730.0;-32618.0;-4528.0;0.0;0.0;0.0;0.0;0.0;0.0;0.0;0.0;0.0;0.0;0.0;0.0;0.0
1015,2910823284398,34729.0,16,34729.0;-32618.0;-4528.0;0.0;0.0;0.0;0.0;0.0;0.0;0.0;0.0;0.0;0.0;0.0;0.0;0.0
1016,2910823569731,34734.0,16,34734.0;-32618.0;-4528.0;0.0;0.0;0.0;0.0;0.0;0.0;0.0;0.0;0.0;0.0;0.0;0.0;0.0
1017,2911024665829,34746.0,16,34746.0;-32618.0;-4528.0;0.0;0.0;0.0;0.0;0.0;0.0;0.0;0.0;0.0;0.0;0.0;0.0;0.0
1018,2911025077830,34749.0,16,34749.0;-32618.0;-4528.0;0.0;0.0;0.0;0.0;0.0;0.0;0.0;0.0;0.0;0.0;0.0;0.0;0.0
1019,2911025360496,34767.0,16,34767.0;-32618.0;-4528.0;0.0;0.0;0.0;0.0;0.0;0.0;0.0;0.0;0.0;0.0;0.0;0.0;0.0
1020,2911025635830,34785.0,16,34785.0;-32618.0;-4528.0;0.0;0.0;0.0;0.0;0.0;0.0;0.0;0.0;0.0;0.0;0.0;0.0;0.0
1021,2911025910497,34763.0,16,34763.0;-32618.0;-4528.0;0.0;0.0;0.0;0.0;0.0;0.0;0.0;0.0;0.0;0.0;0.0;0.0;0.0
1022,2911228087929,34674.0,16,34674.0;-32618.0;-4528.0;0.0;0.0;0.0;0.0;0.0;0.0;0.0;0.0;0.0;0.0;0.0;0.0;0.0
1023,2911229151263,34590.0,16,34590.0;-32618.0;-4528.0;0.0;0.0;0.0;0.0;0.0;0.0;0.0;0.0;0.0;0.0;0.0;0.0;0.0
1024,2911230584597,34522.0,16,34522.0;-32618.0;-4528.0;0.0;0.0;0.0;0.0;0.0;0.0;0.0;0.0;0.0;0.0;0.0;0.0;0.0
1025,2911230938597,34482.0,16,34482.0;-32618.0;-4528.0;0.0;0.0;0.0;0.0;0.0;0.0;0.0;0.0;0.0;0.0;0.0;0.0;0.0
1026,2911231265930,34469.0,16,34469.0;-32618.0;-4528.0;0.0;0.0;0.0;0.0;0.0;0.0;0.0;0.0;0.0;0.0;0.0;0.0;0.0
1027,2911452244705,34466.0,16,34466.0;0.0;1.0;0.0;0.0;0.0;0.0;0.0;0.0;0.0;0.0;0.0;0.0;0.0;0.0;0.0
1028,2911452622705,34479.0,16,34479.0;0.0;1.0;0.0;0.0;0.0;0.0;0.0;0.0;0.0;0.0;0.0;0.0;0.0;0.0;0.0
1029,2911452881372,34465.0,16,34465.0;0.0;1.0;0.0;0.0;0.0;0.0;0.0;0.0;0.0;0.0;0.0;0.0;0.0;0.0;0.0
1030,2911453138705,34461.0,16,34461.0;0.0;1.0;0.0;0.0;0.0;0.0;0.0;0.0;0.0;0.0;0.0;0.0;0.0;0.0;0.0
1031,2911453410039,34454.0,16,34454.0;0.0;1.0;0.0;0.0;0.0;0.0;0.0;0.0;0.0;0.0;0.0;0.0;0.0;0.0;0.0
1032,2911632922126,34460.0,16,34460.0;-32618.0;-4528.0;0.0;0.0;0.0;0.0;0.0;0.0;0.0;0.0;0.0;0.0;0.0;0.0;0.0
1033,2911634006794,34469.0,16,34469.0;-32618.0;-4528.0;0.0;0.0;0.0;0.0;0.0;0.0;0.0;0.0;0.0;0.0;0.0;0.0;0.0
1034,2911634323460,34488.0,16,34488.0;-32618.0;-4528.0;0.0;0.0;0.0;0.0;0.0;0.0;0.0;0.0;0.0;0.0;0.0;0.0;0.0
1035,2911634601461,34500.0,16,34500.0;-32618.0;-4528.0;0.0;0.0;0.0;0.0;0.0;0.0;0.0;0.0;0.0;0.0;0.0;0.0;0.0
1036,2911634927461,34506.0,16,34506.0;-32618.0;-4528.0;0.0;0.0;0.0;0.0;0.0;0.0;0.0;0.0;0.0;0.0;0.0;0.0;0.0
1037,2911834446891,34439.0,16,34439.0;-32618.0;-4528.0;0.0;0.0;0.0;0.0;0.0;0.0;0.0;0.0;0.0;0.0;0.0;0.0;0.0
1038,2911834856225,34343.0,16,34343.0;-32618.0;-4528.0;0.0;0.0;0.0;0.0;0.0;0.0;0.0;0.0;0.0;0.0;0.0;0.0;0.0
1039,2911835202892,34256.0,16,34256.0;-32618.0;-4528.0;0.0;0.0;0.0;0.0;0.0;0.0;0.0;0.0;0.0;0.0;0.0;0.0;0.0
1040,2911835480225,34194.0,16,34194.0;-32618.0;-4528.0;0.0;0.0;0.0;0.0;0.0;0.0;0.0;0.0;0.0;0.0;0.0;0.0;0.0
1041,2911835754892,34173.0,16,34173.0;-32618.0;-4528.0;0.0;0.0;0.0;0.0;0.0;0.0;0.0;0.0;0.0;0.0;0.0;0.0;0.0
1042,2911836029559,34161.0,16,34161.0;-32618.0;-4528.0;0.0;0.0;0.0;0.0;0.0;0.0;0.0;0.0;0.0;0.0;0.0;0.0;0.0
1043,2912037824991,34163.0,16,34163.0;-32645.0;2.0;0.0;0.0;0.0;0.0;0.0;0.0;0.0;0.0;0.0;0.0;0.0;0.0;0.0
1044,2912039488325,34162.0,16,34162.0;-32645.0;2.0;0.0;0.0;0.0;0.0;0.0;0.0;0.0;0.0;0.0;0.0;0.0;0.0;0.0
1045,2912039782992,34167.0,16,34167.0;-32645.0;2.0;0.0;0.0;0.0;0.0;0.0;0.0;0.0;0.0;0.0;0.0;0.0;0.0;0.0
1046,2912040148325,34158.0,16,34158.0;-32645.0;2.0;0.0;0.0;0.0;0.0;0.0;0.0;0.0;0.0;0.0;0.0;0.0;0.0;0.0
1047,2912040446992,34168.0,16,34168.0;-32645.0;2.0;0.0;0.0;0.0;0.0;0.0;0.0;0.0;0.0;0.0;0.0;0.0;0.0;0.0
1048,2912252324429,34180.0,16,34180.0;-32618.0;-4528.0;0.0;0.0;0.0;0.0;0.0;0.0;0.0;0.0;0.0;0.0;0.0;0.0;0.0
1049,2912252720429,34189.0,16,34189.0;-32618.0;-4528.0;0.0;0.0;0.0;0.0;0.0;0.0;0.0;0.0;0.0;0.0;0.0;0.0;0.0
1050,2912253005762,34213.0,16,34213.0;-32618.0;-4528.0;0.0;0.0;0.0;0.0;0.0;0.0;0.0;0.0;0.0;0.0;0.0;0.0;0.0
1051,2912253373763,34233.0,16,34233.0;-32618.0;-4528.0;0.0;0.0;0.0;0.0;0.0;0.0;0.0;0.0;0.0;0.0;0.0;0.0;0.0
1052,2912253693096,34254.0,16,34254.0;-32618.0;-4528.0;0.0;0.0;0.0;0.0;0.0;0.0;0.0;0.0;0.0;0.0;0.0;0.0;0.0
1053,2912454853861,34213.0,16,34213.0;-32618.0;-4528.0;0.0;0.0;0.0;0.0;0.0;0.0;0.0;0.0;0.0;0.0;0.0;0.0;0.0
1054,2912455502528,34120.0,16,34120.0;-32618.0;-4528.0;0.0;0.0;0.0;0.0;0.0;0.0;0.0;0.0;0.0;0.0;0.0;0.0;0.0
1055,2912455781861,34030.0,16,34030.0;-32618.0;-4528.0;0.0;0.0;0.0;0.0;0.0;0.0;0.0;0.0;0.0;0.0;0.0;0.0;0.0
1056,2912457047195,33968.0,16,33968.0;-32618.0;-4528.0;0.0;0.0;0.0;0.0;0.0;0.0;0.0;0.0;0.0;0.0;0.0;0.0;0.0
1057,2912457355862,33932.0,16,33932.0;-32618.0;-4528.0;0.0;0.0;0.0;0.0;0.0;0.0;0.0;0.0;0.0;0.0;0.0;0.0;0.0
1058,2912644145287,33929.0,16,33929.0;-32618.0;-4528.0;0.0;0.0;0.0;0.0;0.0;0.0;0.0;0.0;0.0;0.0;0.0;0.0;0.0
1059,2912644633287,33945.0,16,33945.0;-32618.0;-4528.0;0.0;0.0;0.0;0.0;0.0;0.0;0.0;0.0;0.0;0.0;0.0;0.0;0.0
1060,2912644911954,33951.0,16,33951.0;-32618.0;-4528.0;0.0;0.0;0.0;0.0;0.0;0.0;0.0;0.0;0.0;0.0;0.0;0.0;0.0
1061,2912645187954,33947.0,16,33947.0;-32618.0;-4528.0;0.0;0.0;0.0;0.0;0.0;0.0;0.0;0.0;0.0;0.0;0.0;0.0;0.0
1062,2912645472621,33946.0,16,33946.0;-32618.0;-4528.0;0.0;0.0;0.0;0.0;0.0;0.0;0.0;0.0;0.0;0.0;0.0;0.0;0.0
1063,2912846498719,33951.0,16,33951.0;-32618.0;-4528.0;0.0;0.0;0.0;0.0;0.0;0.0;0.0;0.0;0.0;0.0;0.0;0.0;0.0
1064,2912846913386,33976.0,16,33976.0;-32618.0;-4528.0;0.0;0.0;0.0;0.0;0.0;0.0;0.0;0.0;0.0;0.0;0.0;0.0;0.0
1065,2912847210719,33986.0,16,33986.0;-32618.0;-4528.0;0.0;0.0;0.0;0.0;0.0;0.0;0.0;0.0;0.0;0.0;0.0;0.0;0.0
1066,2912847485386,34004.0,16,34004.0;-32618.0;-4528.0;0.0;0.0;0.0;0.0;0.0;0.0;0.0;0.0;0.0;0.0;0.0;0.0;0.0
1067,2912847782053,34042.0,16,34042.0;-32618.0;-4528.0;0.0;0.0;0.0;0.0;0.0;0.0;0.0;0.0;0.0;0.0;0.0;0.0;0.0
1068,2913048884151,34075.0,16,34075.0;-32618.0;-4528.0;0.0;0.0;0.0;0.0;0.0;0.0;0.0;0.0;0.0;0.0;0.0;0.0;0.0
1069,2913049292818,34101.0,16,34101.0;-32618.0;-4528.0;0.0;0.0;0.0;0.0;0.0;0.0;0.0;0.0;0.0;0.0;0.0;0.0;0.0
1070,2913049571485,34130.0,16,34130.0;-32618.0;-4528.0;0.0;0.0;0.0;0.0;0.0;0.0;0.0;0.0;0.0;0.0;0.0;0.0;0.0
1071,2913049848818,34130.0,16,34130.0;-32618.0;-4528.0;0.0;0.0;0.0;0.0;0.0;0.0;0.0;0.0;0.0;0.0;0.0;0.0;0.0
1072,2913051876819,34047.0,16,34047.0;-32618.0;-4528.0;0.0;0.0;0.0;0.0;0.0;0.0;0.0;0.0;0.0;0.0;0.0;0.0;0.0
1073,2913253326918,33956.0,16,33956.0;-32645.0;0.0;0.0;0.0;0.0;0.0;0.0;0.0;0.0;0.0;0.0;0.0;0.0;0.0;0.0
1074,2913253716251,33894.0,16,33894.0;-32645.0;0.0;0.0;0.0;0.0;0.0;0.0;0.0;0.0;0.0;0.0;0.0;0.0;0.0;0.0
1075,2913254018918,33857.0,16,33857.0;-32645.0;0.0;0.0;0.0;0.0;0.0;0.0;0.0;0.0;0.0;0.0;0.0;0.0;0.0;0.0
1076,2913254283585,33852.0,16,33852.0;-32645.0;0.0;0.0;0.0;0.0;0.0;0.0;0.0;0.0;0.0;0.0;0.0;0.0;0.0;0.0
1077,2913254542251,33866.0,16,33866.0;-32645.0;0.0;0.0;0.0;0.0;0.0;0.0;0.0;0.0;0.0;0.0;0.0;0.0;0.0;0.0
1078,2913464828354,33868.0,16,33868.0;-32618.0;-4528.0;0.0;0.0;0.0;0.0;0.0;0.0;0.0;0.0;0.0;0.0;0.0;0.0;0.0
1079,2913465231688,33878.0,16,33878.0;-32618.0;-4528.0;0.0;0.0;0.0;0.0;0.0;0.0;0.0;0.0;0.0;0.0;0.0;0.0;0.0
1080,2913465509021,33885.0,16,33885.0;-32618.0;-4528.0;0.0;0.0;0.0;0.0;0.0;0.0;0.0;0.0;0.0;0.0;0.0;0.0;0.0
1081,2913465785688,33900.0,16,33900.0;-32618.0;-4528.0;0.0;0.0;0.0;0.0;0.0;0.0;0.0;0.0;0.0;0.0;0.0;0.0;0.0
1082,2913466062355,33906.0,16,33906.0;-32618.0;-4528.0;0.0;0.0;0.0;0.0;0.0;0.0;0.0;0.0;0.0;0.0;0.0;0.0;0.0
1083,2913666190452,33924.0,16,33924.0;-32618.0;-4528.0;0.0;0.0;0.0;0.0;0.0;0.0;0.0;0.0;0.0;0.0;0.0;0.0;0.0
1084,2913666591119,33949.0,16,33949.0;-32618.0;-4528.0;0.0;0.0;0.0;0.0;0.0;0.0;0.0;0.0;0.0;0.0;0.0;0.0;0.0
1085,2913667635787,33978.0,16,33978.0;-32618.0;-4528.0;0.0;0.0;0.0;0.0;0.0;0.0;0.0;0.0;0.0;0.0;0.0;0.0;0.0
1086,2913667952453,34016.0,16,34016.0;-32618.0;-4528.0;0.0;0.0;0.0;0.0;0.0;0.0;0.0;0.0;0.0;0.0;0.0;0.0;0.0
1087,2913668233120,34051.0,16,34051.0;-32618.0;-4528.0;0.0;0.0;0.0;0.0;0.0;0.0;0.0;0.0;0.0;0.0;0.0;0.0;0.0
1088,2913669051121,34079.0,16,34079.0;-32618.0;-4528.0;0.0;0.0;0.0;0.0;0.0;0.0;0.0;0.0;0.0;0.0;0.0;0.0;0.0
1089,2913866511884,34118.0,16,34118.0;-32618.0;-4528.0;0.0;0.0;0.0;0.0;0.0;0.0;0.0;0.0;0.0;0.0;0.0;0.0;0.0
1090,2913866946551,34162.0,16,34162.0;-32618.0;-4528.0;0.0;0.0;0.0;0.0;0.0;0.0;0.0;0.0;0.0;0.0;0.0;0.0;0.0
1091,2913867223884,34199.0,16,34199.0;-32618.0;-4528.0;0.0;0.0;0.0;0.0;0.0;0.0;0.0;0.0;0.0;0.0;0.0;0.0;0.0
1092,2913867514551,34218.0,16,34218.0;-32618.0;-4528.0;0.0;0.0;0.0;0.0;0.0;0.0;0.0;0.0;0.0;0.0;0.0;0.0;0.0
1093,2913867790551,34167.0,16,34167.0;-32618.0;-4528.0;0.0;0.0;0.0;0.0;0.0;0.0;0.0;0.0;0.0;0.0;0.0;0.0;0.0
1094,2914061058645,34080.0,16,34080.0;-32618.0;-4528.0;0.0;0.0;0.0;0.0;0.0;0.0;0.0;0.0;0.0;0.0;0.0;0.0;0.0
1095,2914061466645,34019.0,16,34019.0;-32618.0;-4528.0;0.0;0.0;0.0;0.0;0.0;0.0;0.0;0.0;0.0;0.0;0.0;0.0;0.0
1096,2914061767979,33983.0,16,33983.0;-32618.0;-4528.0;0.0;0.0;0.0;0.0;0.0;0.0;0.0;0.0;0.0;0.0;0.0;0.0;0.0
1097,2914062045979,33974.0,16,33974.0;-32618.0;-4528.0;0.0;0.0;0.0;0.0;0.0;0.0;0.0;0.0;0.0;0.0;0.0;0.0;0.0
1098,2914062363313,33983.0,16,33983.0;-32618.0;-4528.0;0.0;0.0;0.0;0.0;0.0;0.0;0.0;0.0;0.0;0.0;0.0;0.0;0.0
1099,2914264466078,33999.0,16,33999.0;-32618.0;-4528.0;0.0;0.0;0.0;0.0;0.0;0.0;0.0;0.0;0.0;0.0;0.0;0.0;0.0
1100,2914264892078,34012.0,16,34012.0;-32618.0;-4528.0;0.0;0.0;0.0;0.0;0.0;0.0;0.0;0.0;0.0;0.0;0.0;0.0;0.0
1101,2914265171412,34010.0,16,34010.0;-32618.0;-4528.0;0.0;0.0;0.0;0.0;0.0;0.0;0.0;0.0;0.0;0.0;0.0;0.0;0.0
1102,2914265456078,34019.0,16,34019.0;-32618.0;-4528.0;0.0;0.0;0.0;0.0;0.0;0.0;0.0;0.0;0.0;0.0;0.0;0.0;0.0
1103,2914265728745,34045.0,16,34045.0;-32618.0;-4528.0;0.0;0.0;0.0;0.0;0.0;0.0;0.0;0.0;0.0;0.0;0.0;0.0;0.0
1104,2914477964182,34058.0,16,34058.0;-32618.0;-4528.0;0.0;0.0;0.0;0.0;0.0;0.0;0.0;0.0;0.0;0.0;0.0;0.0;0.0
1105,2914478363516,34086.0,16,34086.0;-32618.0;-4528.0;0.0;0.0;0.0;0.0;0.0;0.0;0.0;0.0;0.0;0.0;0.0;0.0;0.0
1106,2914478642849,34115.0,16,34115.0;-32618.0;-4528.0;0.0;0.0;0.0;0.0;0.0;0.0;0.0;0.0;0.0;0.0;0.0;0.0;0.0
1107,2914478916849,34140.0,16,34140.0;-32618.0;-4528.0;0.0;0.0;0.0;0.0;0.0;0.0;0.0;0.0;0.0;0.0;0.0;0.0;0.0
1108,2914479194849,34179.0,16,34179.0;-32618.0;-4528.0;0.0;0.0;0.0;0.0;0.0;0.0;0.0;0.0;0.0;0.0;0.0;0.0;0.0
1109,2914669592942,34214.0,16,34214.0;-32618.0;-4528.0;0.0;0.0;0.0;0.0;0.0;0.0;0.0;0.0;0.0;0.0;0.0;0.0;0.0
1110,2914670133609,34251.0,16,34251.0;-32618.0;-4528.0;0.0;0.0;0.0;0.0;0.0;0.0;0.0;0.0;0.0;0.0;0.0;0.0;0.0
1111,2914670416276,34293.0,16,34293.0;-32618.0;-4528.0;0.0;0.0;0.0;0.0;0.0;0.0;0.0;0.0;0.0;0.0;0.0;0.0;0.0
1112,2914670692276,34316.0,16,34316.0;-32618.0;-4528.0;0.0;0.0;0.0;0.0;0.0;0.0;0.0;0.0;0.0;0.0;0.0;0.0;0.0
1113,2914670968943,34284.0,16,34284.0;-32618.0;-4528.0;0.0;0.0;0.0;0.0;0.0;0.0;0.0;0.0;0.0;0.0;0.0;0.0;0.0
1114,2914872531042,34204.0,16,34204.0;-32618.0;-4528.0;0.0;0.0;0.0;0.0;0.0;0.0;0.0;0.0;0.0;0.0;0.0;0.0;0.0
1115,2914872984375,34122.0,16,34122.0;-32618.0;-4528.0;0.0;0.0;0.0;0.0;0.0;0.0;0.0;0.0;0.0;0.0;0.0;0.0;0.0
1116,2914873265042,34080.0,16,34080.0;-32618.0;-4528.0;0.0;0.0;0.0;0.0;0.0;0.0;0.0;0.0;0.0;0.0;0.0;0.0;0.0
1117,2914873539709,34062.0,16,34062.0;-32618.0;-4528.0;0.0;0.0;0.0;0.0;0.0;0.0;0.0;0.0;0.0;0.0;0.0;0.0;0.0
1118,2914873814375,34059.0,16,34059.0;-32618.0;-4528.0;0.0;0.0;0.0;0.0;0.0;0.0;0.0;0.0;0.0;0.0;0.0;0.0;0.0
1119,2915073191140,34073.0,16,34073.0;-32618.0;-4528.0;0.0;0.0;0.0;0.0;0.0;0.0;0.0;0.0;0.0;0.0;0.0;0.0;0.0
1120,2915074852474,34087.0,16,34087.0;-32618.0;-4528.0;0.0;0.0;0.0;0.0;0.0;0.0;0.0;0.0;0.0;0.0;0.0;0.0;0.0
1121,2915075178474,34093.0,16,34093.0;-32618.0;-4528.0;0.0;0.0;0.0;0.0;0.0;0.0;0.0;0.0;0.0;0.0;0.0;0.0;0.0
1122,2915075455141,34107.0,16,34107.0;-32618.0;-4528.0;0.0;0.0;0.0;0.0;0.0;0.0;0.0;0.0;0.0;0.0;0.0;0.0;0.0
1123,2915075731141,34115.0,16,34115.0;-32618.0;-4528.0;0.0;0.0;0.0;0.0;0.0;0.0;0.0;0.0;0.0;0.0;0.0;0.0;0.0
1124,2915277601239,34144.0,16,34144.0;-32618.0;-4528.0;0.0;0.0;0.0;0.0;0.0;0.0;0.0;0.0;0.0;0.0;0.0;0.0;0.0
1125,2915278011240,34164.0,16,34164.0;-32618.0;-4528.0;0.0;0.0;0.0;0.0;0.0;0.0;0.0;0.0;0.0;0.0;0.0;0.0;0.0
1126,2915278290573,34186.0,16,34186.0;-32618.0;-4528.0;0.0;0.0;0.0;0.0;0.0;0.0;0.0;0.0;0.0;0.0;0.0;0.0;0.0
1127,2915278603240,34212.0,16,34212.0;-32618.0;-4528.0;0.0;0.0;0.0;0.0;0.0;0.0;0.0;0.0;0.0;0.0;0.0;0.0;0.0
1128,2915278882573,34254.0,16,34254.0;-32618.0;-4528.0;0.0;0.0;0.0;0.0;0.0;0.0;0.0;0.0;0.0;0.0;0.0;0.0;0.0
1129,2915489058676,34290.0,16,34290.0;-32618.0;-4528.0;0.0;0.0;0.0;0.0;0.0;0.0;0.0;0.0;0.0;0.0;0.0;0.0;0.0
1130,2915489472676,34321.0,16,34321.0;-32618.0;-4528.0;0.0;0.0;0.0;0.0;0.0;0.0;0.0;0.0;0.0;0.0;0.0;0.0;0.0
1131,2915489758010,34364.0,16,34364.0;-32618.0;-4528.0;0.0;0.0;0.0;0.0;0.0;0.0;0.0;0.0;0.0;0.0;0.0;0.0;0.0
1132,2915490135343,34386.0,16,34386.0;-32618.0;-4528.0;0.0;0.0;0.0;0.0;0.0;0.0;0.0;0.0;0.0;0.0;0.0;0.0;0.0
1133,2915490437343,34345.0,16,34345.0;-32618.0;-4528.0;0.0;0.0;0.0;0.0;0.0;0.0;0.0;0.0;0.0;0.0;0.0;0.0;0.0
1134,2915681509437,34265.0,16,34265.0;-32618.0;-4528.0;0.0;0.0;0.0;0.0;0.0;0.0;0.0;0.0;0.0;0.0;0.0;0.0;0.0
1135,2915681944770,34188.0,16,34188.0;-32618.0;-4528.0;0.0;0.0;0.0;0.0;0.0;0.0;0.0;0.0;0.0;0.0;0.0;0.0;0.0
1136,2915682228104,34150.0,16,34150.0;-32618.0;-4528.0;0.0;0.0;0.0;0.0;0.0;0.0;0.0;0.0;0.0;0.0;0.0;0.0;0.0
1137,2915682507437,34141.0,16,34141.0;-32618.0;-4528.0;0.0;0.0;0.0;0.0;0.0;0.0;0.0;0.0;0.0;0.0;0.0;0.0;0.0
1138,2915682788770,34142.0,16,34142.0;-32618.0;-4528.0;0.0;0.0;0.0;0.0;0.0;0.0;0.0;0.0;0.0;0.0;0.0;0.0;0.0
1139,2915683065437,34155.0,16,34155.0;-32618.0;-4528.0;0.0;0.0;0.0;0.0;0.0;0.0;0.0;0.0;0.0;0.0;0.0;0.0;0.0
1140,2915882854868,34166.0,16,34166.0;-32618.0;-4528.0;0.0;0.0;0.0;0.0;0.0;0.0;0.0;0.0;0.0;0.0;0.0;0.0;0.0
1141,2915883255535,34181.0,16,34181.0;-32618.0;-4528.0;0.0;0.0;0.0;0.0;0.0;0.0;0.0;0.0;0.0;0.0;0.0;0.0;0.0
1142,2915885274869,34191.0,16,34191.0;-32618.0;-4528.0;0.0;0.0;0.0;0.0;0.0;0.0;0.0;0.0;0.0;0.0;0.0;0.0;0.0
1143,2915885585536,34205.0,16,34205.0;-32618.0;-4528.0;0.0;0.0;0.0;0.0;0.0;0.0;0.0;0.0;0.0;0.0;0.0;0.0;0.0
1144,2915885864870,34222.0,16,34222.0;-32618.0;-4528.0;0.0;0.0;0.0;0.0;0.0;0.0;0.0;0.0;0.0;0.0;0.0;0.0;0.0
1145,2916088156302,34245.0,16,34245.0;-32618.0;-4528.0;0.0;0.0;0.0;0.0;0.0;0.0;0.0;0.0;0.0;0.0;0.0;0.0;0.0
1146,2916088602302,34262.0,16,34262.0;-32618.0;-4528.0;0.0;0.0;0.0;0.0;0.0;0.0;0.0;0.0;0.0;0.0;0.0;0.0;0.0
1147,2916088887635,34304.0,16,34304.0;-32618.0;-4528.0;0.0;0.0;0.0;0.0;0.0;0.0;0.0;0.0;0.0;0.0;0.0;0.0;0.0
1148,2916089249636,34334.0,16,34334.0;-32618.0;-4528.0;0.0;0.0;0.0;0.0;0.0;0.0;0.0;0.0;0.0;0.0;0.0;0.0;0.0
1149,2916089530302,34371.0,16,34371.0;-32618.0;-4528.0;0.0;0.0;0.0;0.0;0.0;0.0;0.0;0.0;0.0;0.0;0.0;0.0;0.0
1150,2916288778400,34404.0,16,34404.0;-32645.0;1.0;0.0;0.0;0.0;0.0;0.0;0.0;0.0;0.0;0.0;0.0;0.0;0.0;0.0
1151,2916289209067,34444.0,16,34444.0;-32645.0;1.0;0.0;0.0;0.0;0.0;0.0;0.0;0.0;0.0;0.0;0.0;0.0;0.0;0.0
1152,2916290322400,34469.0,16,34469.0;-32645.0;1.0;0.0;0.0;0.0;0.0;0.0;0.0;0.0;0.0;0.0;0.0;0.0;0.0;0.0
1153,2916290619734,34434.0,16,34434.0;-32645.0;1.0;0.0;0.0;0.0;0.0;0.0;0.0;0.0;0.0;0.0;0.0;0.0;0.0;0.0
1154,2916290893734,34358.0,16,34358.0;-32645.0;1.0;0.0;0.0;0.0;0.0;0.0;0.0;0.0;0.0;0.0;0.0;0.0;0.0;0.0
1155,2916505269839,34298.0,16,34298.0;-32618.0;-4528.0;0.0;0.0;0.0;0.0;0.0;0.0;0.0;0.0;0.0;0.0;0.0;0.0;0.0
1156,2916506171839,34275.0,16,34275.0;-32618.0;-4528.0;0.0;0.0;0.0;0.0;0.0;0.0;0.0;0.0;0.0;0.0;0.0;0.0;0.0
1157,2916506463839,34267.0,16,34267.0;-32618.0;-4528.0;0.0;0.0;0.0;0.0;0.0;0.0;0.0;0.0;0.0;0.0;0.0;0.0;0.0
1158,2916506737839,34276.0,16,34276.0;-32618.0;-4528.0;0.0;0.0;0.0;0.0;0.0;0.0;0.0;0.0;0.0;0.0;0.0;0.0;0.0
1159,2916507011840,34301.0,16,34301.0;-32618.0;-4528.0;0.0;0.0;0.0;0.0;0.0;0.0;0.0;0.0;0.0;0.0;0.0;0.0;0.0
1160,2916692973930,34310.0,16,34310.0;11726.0;-3072.0;0.0;0.0;0.0;0.0;0.0;0.0;0.0;0.0;0.0;0.0;0.0;0.0;0.0
1161,2916693367931,34330.0,16,34330.0;11726.0;-3072.0;0.0;0.0;0.0;0.0;0.0;0.0;0.0;0.0;0.0;0.0;0.0;0.0;0.0
1162,2916693657931,34340.0,16,34340.0;11726.0;-3072.0;0.0;0.0;0.0;0.0;0.0;0.0;0.0;0.0;0.0;0.0;0.0;0.0;0.0
1163,2916693931264,34362.0,16,34362.0;11726.0;-3072.0;0.0;0.0;0.0;0.0;0.0;0.0;0.0;0.0;0.0;0.0;0.0;0.0;0.0
1164,2916694206598,34382.0,16,34382.0;11726.0;-3072.0;0.0;0.0;0.0;0.0;0.0;0.0;0.0;0.0;0.0;0.0;0.0;0.0;0.0
1165,2916895058029,34413.0,16,34413.0;-32618.0;-4528.0;0.0;0.0;0.0;0.0;0.0;0.0;0.0;0.0;0.0;0.0;0.0;0.0;0.0
1166,2916895492696,34424.0,16,34424.0;-32618.0;-4528.0;0.0;0.0;0.0;0.0;0.0;0.0;0.0;0.0;0.0;0.0;0.0;0.0;0.0
1167,2916895773363,34457.0,16,34457.0;-32618.0;-4528.0;0.0;0.0;0.0;0.0;0.0;0.0;0.0;0.0;0.0;0.0;0.0;0.0;0.0
1168,2916896047363,34499.0,16,34499.0;-32618.0;-4528.0;0.0;0.0;0.0;0.0;0.0;0.0;0.0;0.0;0.0;0.0;0.0;0.0;0.0
1169,2916896380030,34526.0,16,34526.0;-32618.0;-4528.0;0.0;0.0;0.0;0.0;0.0;0.0;0.0;0.0;0.0;0.0;0.0;0.0;0.0
1170,2917098460128,34563.0,16,34563.0;-32645.0;1.0;0.0;0.0;0.0;0.0;0.0;0.0;0.0;0.0;0.0;0.0;0.0;0.0;0.0
1171,2917098868795,34592.0,16,34592.0;-32645.0;1.0;0.0;0.0;0.0;0.0;0.0;0.0;0.0;0.0;0.0;0.0;0.0;0.0;0.0
1172,2917099144129,34598.0,16,34598.0;-32645.0;1.0;0.0;0.0;0.0;0.0;0.0;0.0;0.0;0.0;0.0;0.0;0.0;0.0;0.0
1173,2917099443462,34554.0,16,34554.0;-32645.0;1.0;0.0;0.0;0.0;0.0;0.0;0.0;0.0;0.0;0.0;0.0;0.0;0.0;0.0
1174,2917099719462,34508.0,16,34508.0;-32645.0;1.0;0.0;0.0;0.0;0.0;0.0;0.0;0.0;0.0;0.0;0.0;0.0;0.0;0.0
1175,2917100707463,34460.0,16,34460.0;-32645.0;1.0;0.0;0.0;0.0;0.0;0.0;0.0;0.0;0.0;0.0;0.0;0.0;0.0;0.0
1176,2917319149569,34440.0,16,34440.0;-32618.0;-4528.0;0.0;0.0;0.0;0.0;0.0;0.0;0.0;0.0;0.0;0.0;0.0;0.0;0.0
1177,2917319608236,34454.0,16,34454.0;-32618.0;-4528.0;0.0;0.0;0.0;0.0;0.0;0.0;0.0;0.0;0.0;0.0;0.0;0.0;0.0
1178,2917319890903,34474.0,16,34474.0;-32618.0;-4528.0;0.0;0.0;0.0;0.0;0.0;0.0;0.0;0.0;0.0;0.0;0.0;0.0;0.0
1179,2917320268237,34496.0,16,34496.0;-32618.0;-4528.0;0.0;0.0;0.0;0.0;0.0;0.0;0.0;0.0;0.0;0.0;0.0;0.0;0.0
1180,2917320548237,34523.0,16,34523.0;-32618.0;-4528.0;0.0;0.0;0.0;0.0;0.0;0.0;0.0;0.0;0.0;0.0;0.0;0.0;0.0
1181,2917503343659,34530.0,16,34530.0;-32645.0;3.0;0.0;0.0;0.0;0.0;0.0;0.0;0.0;0.0;0.0;0.0;0.0;0.0;0.0
1182,2917503731660,34551.0,16,34551.0;-32645.0;3.0;0.0;0.0;0.0;0.0;0.0;0.0;0.0;0.0;0.0;0.0;0.0;0.0;0.0
1183,2917504027660,34564.0,16,34564.0;-32645.0;3.0;0.0;0.0;0.0;0.0;0.0;0.0;0.0;0.0;0.0;0.0;0.0;0.0;0.0
1184,2917505424327,34600.0,16,34600.0;-32645.0;3.0;0.0;0.0;0.0;0.0;0.0;0.0;0.0;0.0;0.0;0.0;0.0;0.0;0.0
1185,2917505739661,34623.0,16,34623.0;-32645.0;3.0;0.0;0.0;0.0;0.0;0.0;0.0;0.0;0.0;0.0;0.0;0.0;0.0;0.0
1186,2917705854425,34662.0,16,34662.0;-32618.0;-4528.0;0.0;0.0;0.0;0.0;0.0;0.0;0.0;0.0;0.0;0.0;0.0;0.0;0.0
1187,2917706247759,34690.0,16,34690.0;-32618.0;-4528.0;0.0;0.0;0.0;0.0;0.0;0.0;0.0;0.0;0.0;0.0;0.0;0.0;0.0
1188,2917706533759,34716.0,16,34716.0;-32618.0;-4528.0;0.0;0.0;0.0;0.0;0.0;0.0;0.0;0.0;0.0;0.0;0.0;0.0;0.0
1189,2917706829092,34757.0,16,34757.0;-32618.0;-4528.0;0.0;0.0;0.0;0.0;0.0;0.0;0.0;0.0;0.0;0.0;0.0;0.0;0.0
1190,2917707125759,34789.0,16,34789.0;-32618.0;-4528.0;0.0;0.0;0.0;0.0;0.0;0.0;0.0;0.0;0.0;0.0;0.0;0.0;0.0
1191,2917915970528,34785.0,16,34785.0;-32618.0;-4528.0;0.0;0.0;0.0;0.0;0.0;0.0;0.0;0.0;0.0;0.0;0.0;0.0;0.0
1192,2917916386528,34755.0,16,34755.0;-32618.0;-4528.0;0.0;0.0;0.0;0.0;0.0;0.0;0.0;0.0;0.0;0.0;0.0;0.0;0.0
1193,2917919243196,34709.0,16,34709.0;-32618.0;-4528.0;0.0;0.0;0.0;0.0;0.0;0.0;0.0;0.0;0.0;0.0;0.0;0.0;0.0
1194,2917919565196,34696.0,16,34696.0;-32618.0;-4528.0;0.0;0.0;0.0;0.0;0.0;0.0;0.0;0.0;0.0;0.0;0.0;0.0;0.0
1195,2917919841196,34682.0,16,34682.0;-32618.0;-4528.0;0.0;0.0;0.0;0.0;0.0;0.0;0.0;0.0;0.0;0.0;0.0;0.0;0.0
1196,2918116140625,34699.0,16,34699.0;-32618.0;-4528.0;0.0;0.0;0.0;0.0;0.0;0.0;0.0;0.0;0.0;0.0;0.0;0.0;0.0
1197,2918116573292,34724.0,16,34724.0;-32618.0;-4528.0;0.0;0.0;0.0;0.0;0.0;0.0;0.0;0.0;0.0;0.0;0.0;0.0;0.0
1198,2918118618627,34752.0,16,34752.0;-32618.0;-4528.0;0.0;0.0;0.0;0.0;0.0;0.0;0.0;0.0;0.0;0.0;0.0;0.0;0.0
1199,2918118925960,34767.0,16,34767.0;-32618.0;-4528.0;0.0;0.0;0.0;0.0;0.0;0.0;0.0;0.0;0.0;0.0;0.0;0.0;0.0
1200,2918119201293,34798.0,16,34798.0;-32618.0;-4528.0;0.0;0.0;0.0;0.0;0.0;0.0;0.0;0.0;0.0;0.0;0.0;0.0;0.0
1201,2918328209396,34822.0,16,34822.0;-32618.0;-4528.0;0.0;0.0;0.0;0.0;0.0;0.0;0.0;0.0;0.0;0.0;0.0;0.0;0.0
1202,2918328616062,34845.0,16,34845.0;-32618.0;-4528.0;0.0;0.0;0.0;0.0;0.0;0.0;0.0;0.0;0.0;0.0;0.0;0.0;0.0
1203,2918328895396,34876.0,16,34876.0;-32618.0;-4528.0;0.0;0.0;0.0;0.0;0.0;0.0;0.0;0.0;0.0;0.0;0.0;0.0;0.0
1204,2918329175396,34901.0,16,34901.0;-32618.0;-4528.0;0.0;0.0;0.0;0.0;0.0;0.0;0.0;0.0;0.0;0.0;0.0;0.0;0.0
1205,2918329452729,34924.0,16,34924.0;-32618.0;-4528.0;0.0;0.0;0.0;0.0;0.0;0.0;0.0;0.0;0.0;0.0;0.0;0.0;0.0
1206,2918514651487,34958.0,16,34958.0;-32618.0;-4528.0;0.0;0.0;0.0;0.0;0.0;0.0;0.0;0.0;0.0;0.0;0.0;0.0;0.0
1207,2918515072820,34989.0,16,34989.0;-32618.0;-4528.0;0.0;0.0;0.0;0.0;0.0;0.0;0.0;0.0;0.0;0.0;0.0;0.0;0.0
1208,2918515360154,35029.0,16,35029.0;-32618.0;-4528.0;0.0;0.0;0.0;0.0;0.0;0.0;0.0;0.0;0.0;0.0;0.0;0.0;0.0
1209,2918515657487,35041.0,16,35041.0;-32618.0;-4528.0;0.0;0.0;0.0;0.0;0.0;0.0;0.0;0.0;0.0;0.0;0.0;0.0;0.0
1210,2918515973487,35019.0,16,35019.0;-32618.0;-4528.0;0.0;0.0;0.0;0.0;0.0;0.0;0.0;0.0;0.0;0.0;0.0;0.0;0.0
1211,2918719166253,34978.0,16,34978.0;-32618.0;-4528.0;0.0;0.0;0.0;0.0;0.0;0.0;0.0;0.0;0.0;0.0;0.0;0.0;0.0
1212,2918719578253,34936.0,16,34936.0;-32618.0;-4528.0;0.0;0.0;0.0;0.0;0.0;0.0;0.0;0.0;0.0;0.0;0.0;0.0;0.0
1213,2918719876253,34929.0,16,34929.0;-32618.0;-4528.0;0.0;0.0;0.0;0.0;0.0;0.0;0.0;0.0;0.0;0.0;0.0;0.0;0.0
1214,2918720247587,34940.0,16,34940.0;-32618.0;-4528.0;0.0;0.0;0.0;0.0;0.0;0.0;0.0;0.0;0.0;0.0;0.0;0.0;0.0
1215,2918720530920,34961.0,16,34961.0;-32618.0;-4528.0;0.0;0.0;0.0;0.0;0.0;0.0;0.0;0.0;0.0;0.0;0.0;0.0;0.0
1216,2918922823019,34984.0,16,34984.0;-32618.0;-4528.0;0.0;0.0;0.0;0.0;0.0;0.0;0.0;0.0;0.0;0.0;0.0;0.0;0.0
1217,2918923220353,35001.0,16,35001.0;-32618.0;-4528.0;0.0;0.0;0.0;0.0;0.0;0.0;0.0;0.0;0.0;0.0;0.0;0.0;0.0
1218,2918923511020,35021.0,16,35021.0;-32618.0;-4528.0;0.0;0.0;0.0;0.0;0.0;0.0;0.0;0.0;0.0;0.0;0.0;0.0;0.0
1219,2918923785020,35039.0,16,35039.0;-32618.0;-4528.0;0.0;0.0;0.0;0.0;0.0;0.0;0.0;0.0;0.0;0.0;0.0;0.0;0.0
1220,2918924056353,35063.0,16,35063.0;-32618.0;-4528.0;0.0;0.0;0.0;0.0;0.0;0.0;0.0;0.0;0.0;0.0;0.0;0.0;0.0
1221,2919123257117,35084.0,16,35084.0;-32618.0;-4528.0;0.0;0.0;0.0;0.0;0.0;0.0;0.0;0.0;0.0;0.0;0.0;0.0;0.0
1222,2919123655784,35116.0,16,35116.0;-32618.0;-4528.0;0.0;0.0;0.0;0.0;0.0;0.0;0.0;0.0;0.0;0.0;0.0;0.0;0.0
1223,2919123931784,35142.0,16,35142.0;-32618.0;-4528.0;0.0;0.0;0.0;0.0;0.0;0.0;0.0;0.0;0.0;0.0;0.0;0.0;0.0
1224,2919124205118,35172.0,16,35172.0;-32618.0;-4528.0;0.0;0.0;0.0;0.0;0.0;0.0;0.0;0.0;0.0;0.0;0.0;0.0;0.0
1225,2919124479118,35195.0,16,35195.0;-32618.0;-4528.0;0.0;0.0;0.0;0.0;0.0;0.0;0.0;0.0;0.0;0.0;0.0;0.0;0.0
1226,2919124753118,35229.0,16,35229.0;-32618.0;-4528.0;0.0;0.0;0.0;0.0;0.0;0.0;0.0;0.0;0.0;0.0;0.0;0.0;0.0
1227,2919340557890,35228.0,16,35228.0;-32618.0;-4528.0;0.0;0.0;0.0;0.0;0.0;0.0;0.0;0.0;0.0;0.0;0.0;0.0;0.0
1228,2919340955223,35186.0,16,35186.0;-32618.0;-4528.0;0.0;0.0;0.0;0.0;0.0;0.0;0.0;0.0;0.0;0.0;0.0;0.0;0.0
1229,2919341235224,35140.0,16,35140.0;-32618.0;-4528.0;0.0;0.0;0.0;0.0;0.0;0.0;0.0;0.0;0.0;0.0;0.0;0.0;0.0
1230,2919341528557,35123.0,16,35123.0;-32618.0;-4528.0;0.0;0.0;0.0;0.0;0.0;0.0;0.0;0.0;0.0;0.0;0.0;0.0;0.0
1231,2919341803890,35120.0,16,35120.0;-32618.0;-4528.0;0.0;0.0;0.0;0.0;0.0;0.0;0.0;0.0;0.0;0.0;0.0;0.0;0.0
1232,2919526787314,35129.0,16,35129.0;-32618.0;-4528.0;0.0;0.0;0.0;0.0;0.0;0.0;0.0;0.0;0.0;0.0;0.0;0.0;0.0
1233,2919527185314,35152.0,16,35152.0;-32618.0;-4528.0;0.0;0.0;0.0;0.0;0.0;0.0;0.0;0.0;0.0;0.0;0.0;0.0;0.0
1234,2919527525981,35168.0,16,35168.0;-32618.0;-4528.0;0.0;0.0;0.0;0.0;0.0;0.0;0.0;0.0;0.0;0.0;0.0;0.0;0.0
1235,2919528101315,35187.0,16,35187.0;-32618.0;-4528.0;0.0;0.0;0.0;0.0;0.0;0.0;0.0;0.0;0.0;0.0;0.0;0.0;0.0
1236,2919528651982,35207.0,16,35207.0;-32618.0;-4528.0;0.0;0.0;0.0;0.0;0.0;0.0;0.0;0.0;0.0;0.0;0.0;0.0;0.0
1237,2919729159413,35218.0,16,35218.0;-32618.0;-4528.0;0.0;0.0;0.0;0.0;0.0;0.0;0.0;0.0;0.0;0.0;0.0;0.0;0.0
1238,2919729615413,35236.0,16,35236.0;-32618.0;-4528.0;0.0;0.0;0.0;0.0;0.0;0.0;0.0;0.0;0.0;0.0;0.0;0.0;0.0
1239,2919729898080,35266.0,16,35266.0;-32618.0;-4528.0;0.0;0.0;0.0;0.0;0.0;0.0;0.0;0.0;0.0;0.0;0.0;0.0;0.0
1240,2919730265413,35281.0,16,35281.0;-32618.0;-4528.0;0.0;0.0;0.0;0.0;0.0;0.0;0.0;0.0;0.0;0.0;0.0;0.0;0.0
1241,2919730562080,35305.0,16,35305.0;-32618.0;-4528.0;0.0;0.0;0.0;0.0;0.0;0.0;0.0;0.0;0.0;0.0;0.0;0.0;0.0
1242,2919932770846,35320.0,16,35320.0;-32618.0;-4528.0;0.0;0.0;0.0;0.0;0.0;0.0;0.0;0.0;0.0;0.0;0.0;0.0;0.0
1243,2919933184846,35346.0,16,35346.0;-32618.0;-4528.0;0.0;0.0;0.0;0.0;0.0;0.0;0.0;0.0;0.0;0.0;0.0;0.0;0.0
1244,2919935903514,35329.0,16,35329.0;-32618.0;-4528.0;0.0;0.0;0.0;0.0;0.0;0.0;0.0;0.0;0.0;0.0;0.0;0.0;0.0
1245,2919936231514,35278.0,16,35278.0;-32618.0;-4528.0;0.0;0.0;0.0;0.0;0.0;0.0;0.0;0.0;0.0;0.0;0.0;0.0;0.0
1246,2919936528848,35237.0,16,35237.0;-32618.0;-4528.0;0.0;0.0;0.0;0.0;0.0;0.0;0.0;0.0;0.0;0.0;0.0;0.0;0.0
1247,2920136086278,35212.0,16,35212.0;-32618.0;-4528.0;0.0;0.0;0.0;0.0;0.0;0.0;0.0;0.0;0.0;0.0;0.0;0.0;0.0
1248,2920137592946,35208.0,16,35208.0;-32618.0;-4528.0;0.0;0.0;0.0;0.0;0.0;0.0;0.0;0.0;0.0;0.0;0.0;0.0;0.0
1249,2920137910279,35214.0,16,35214.0;-32618.0;-4528.0;0.0;0.0;0.0;0.0;0.0;0.0;0.0;0.0;0.0;0.0;0.0;0.0;0.0
1250,2920138190279,35232.0,16,35232.0;-32618.0;-4528.0;0.0;0.0;0.0;0.0;0.0;0.0;0.0;0.0;0.0;0.0;0.0;0.0;0.0
1251,2920138467613,35238.0,16,35238.0;-32618.0;-4528.0;0.0;0.0;0.0;0.0;0.0;0.0;0.0;0.0;0.0;0.0;0.0;0.0;0.0
1252,2920354557718,35252.0,16,35252.0;-32618.0;-4528.0;0.0;0.0;0.0;0.0;0.0;0.0;0.0;0.0;0.0;0.0;0.0;0.0;0.0
1253,2920354978385,35263.0,16,35263.0;-32618.0;-4528.0;0.0;0.0;0.0;0.0;0.0;0.0;0.0;0.0;0.0;0.0;0.0;0.0;0.0
1254,2920355257719,35283.0,16,35283.0;-32618.0;-4528.0;0.0;0.0;0.0;0.0;0.0;0.0;0.0;0.0;0.0;0.0;0.0;0.0;0.0
1255,2920355545052,35308.0,16,35308.0;-32618.0;-4528.0;0.0;0.0;0.0;0.0;0.0;0.0;0.0;0.0;0.0;0.0;0.0;0.0;0.0
1256,2920355825052,35326.0,16,35326.0;-32618.0;-4528.0;0.0;0.0;0.0;0.0;0.0;0.0;0.0;0.0;0.0;0.0;0.0;0.0;0.0
1257,2920538909808,35340.0,16,35340.0;-32618.0;-4528.0;0.0;0.0;0.0;0.0;0.0;0.0;0.0;0.0;0.0;0.0;0.0;0.0;0.0
1258,2920539337809,35353.0,16,35353.0;-32618.0;-4528.0;0.0;0.0;0.0;0.0;0.0;0.0;0.0;0.0;0.0;0.0;0.0;0.0;0.0
1259,2920539619809,35383.0,16,35383.0;-32618.0;-4528.0;0.0;0.0;0.0;0.0;0.0;0.0;0.0;0.0;0.0;0.0;0.0;0.0;0.0
1260,2920539897142,35396.0,16,35396.0;-32618.0;-4528.0;0.0;0.0;0.0;0.0;0.0;0.0;0.0;0.0;0.0;0.0;0.0;0.0;0.0
1261,2920540261809,35348.0,16,35348.0;-32618.0;-4528.0;0.0;0.0;0.0;0.0;0.0;0.0;0.0;0.0;0.0;0.0;0.0;0.0;0.0
1262,2920742401908,35283.0,16,35283.0;-32618.0;-4528.0;0.0;0.0;0.0;0.0;0.0;0.0;0.0;0.0;0.0;0.0;0.0;0.0;0.0
1263,2920742787908,35227.0,16,35227.0;-32618.0;-4528.0;0.0;0.0;0.0;0.0;0.0;0.0;0.0;0.0;0.0;0.0;0.0;0.0;0.0
1264,2920743078575,35195.0,16,35195.0;-32618.0;-4528.0;0.0;0.0;0.0;0.0;0.0;0.0;0.0;0.0;0.0;0.0;0.0;0.0;0.0
1265,2920743392575,35188.0,16,35188.0;-32618.0;-4528.0;0.0;0.0;0.0;0.0;0.0;0.0;0.0;0.0;0.0;0.0;0.0;0.0;0.0
1266,2920743669908,35190.0,16,35190.0;-32618.0;-4528.0;0.0;0.0;0.0;0.0;0.0;0.0;0.0;0.0;0.0;0.0;0.0;0.0;0.0
1267,2920944833340,35202.0,16,35202.0;-32618.0;-4528.0;0.0;0.0;0.0;0.0;0.0;0.0;0.0;0.0;0.0;0.0;0.0;0.0;0.0
1268,2920945228673,35206.0,16,35206.0;-32618.0;-4528.0;0.0;0.0;0.0;0.0;0.0;0.0;0.0;0.0;0.0;0.0;0.0;0.0;0.0
1269,2920945552007,35231.0,16,35231.0;-32618.0;-4528.0;0.0;0.0;0.0;0.0;0.0;0.0;0.0;0.0;0.0;0.0;0.0;0.0;0.0
1270,2920945866674,35230.0,16,35230.0;-32618.0;-4528.0;0.0;0.0;0.0;0.0;0.0;0.0;0.0;0.0;0.0;0.0;0.0;0.0;0.0
1271,2920946161340,35234.0,16,35234.0;-32618.0;-4528.0;0.0;0.0;0.0;0.0;0.0;0.0;0.0;0.0;0.0;0.0;0.0;0.0;0.0
1272,2920946441341,35244.0,16,35244.0;-32618.0;-4528.0;0.0;0.0;0.0;0.0;0.0;0.0;0.0;0.0;0.0;0.0;0.0;0.0;0.0
1273,2921147281439,35263.0,16,35263.0;-32618.0;-4528.0;0.0;0.0;0.0;0.0;0.0;0.0;0.0;0.0;0.0;0.0;0.0;0.0;0.0
1274,2921147684772,35278.0,16,35278.0;-32618.0;-4528.0;0.0;0.0;0.0;0.0;0.0;0.0;0.0;0.0;0.0;0.0;0.0;0.0;0.0
1275,2921147965439,35286.0,16,35286.0;-32618.0;-4528.0;0.0;0.0;0.0;0.0;0.0;0.0;0.0;0.0;0.0;0.0;0.0;0.0;0.0
1276,2921148242773,35286.0,16,35286.0;-32618.0;-4528.0;0.0;0.0;0.0;0.0;0.0;0.0;0.0;0.0;0.0;0.0;0.0;0.0;0.0
1277,2921148520106,35224.0,16,35224.0;-32618.0;-4528.0;0.0;0.0;0.0;0.0;0.0;0.0;0.0;0.0;0.0;0.0;0.0;0.0;0.0
1278,2921364780878,35143.0,16,35143.0;-32618.0;-4528.0;0.0;0.0;0.0;0.0;0.0;0.0;0.0;0.0;0.0;0.0;0.0;0.0;0.0
1279,2921365226878,35083.0,16,35083.0;-32618.0;-4528.0;0.0;0.0;0.0;0.0;0.0;0.0;0.0;0.0;0.0;0.0;0.0;0.0;0.0
1280,2921366168212,35054.0,16,35054.0;-32618.0;-4528.0;0.0;0.0;0.0;0.0;0.0;0.0;0.0;0.0;0.0;0.0;0.0;0.0;0.0
1281,2921366466879,35040.0,16,35040.0;-32618.0;-4528.0;0.0;0.0;0.0;0.0;0.0;0.0;0.0;0.0;0.0;0.0;0.0;0.0;0.0
1282,2921367494880,35039.0,16,35039.0;-32618.0;-4528.0;0.0;0.0;0.0;0.0;0.0;0.0;0.0;0.0;0.0;0.0;0.0;0.0;0.0
1283,2921552222970,35036.0,16,35036.0;-32618.0;-4528.0;0.0;0.0;0.0;0.0;0.0;0.0;0.0;0.0;0.0;0.0;0.0;0.0;0.0
1284,2921552636303,35040.0,16,35040.0;-32618.0;-4528.0;0.0;0.0;0.0;0.0;0.0;0.0;0.0;0.0;0.0;0.0;0.0;0.0;0.0
1285,2921552915637,35046.0,16,35046.0;-32618.0;-4528.0;0.0;0.0;0.0;0.0;0.0;0.0;0.0;0.0;0.0;0.0;0.0;0.0;0.0
1286,2921553216970,35045.0,16,35045.0;-32618.0;-4528.0;0.0;0.0;0.0;0.0;0.0;0.0;0.0;0.0;0.0;0.0;0.0;0.0;0.0
1287,2921553490970,35057.0,16,35057.0;-32618.0;-4528.0;0.0;0.0;0.0;0.0;0.0;0.0;0.0;0.0;0.0;0.0;0.0;0.0;0.0
1288,2921754539069,35064.0,16,35064.0;-32618.0;-4528.0;0.0;0.0;0.0;0.0;0.0;0.0;0.0;0.0;0.0;0.0;0.0;0.0;0.0
1289,2921754947069,35069.0,16,35069.0;-32618.0;-4528.0;0.0;0.0;0.0;0.0;0.0;0.0;0.0;0.0;0.0;0.0;0.0;0.0;0.0
1290,2921755226402,35094.0,16,35094.0;-32618.0;-4528.0;0.0;0.0;0.0;0.0;0.0;0.0;0.0;0.0;0.0;0.0;0.0;0.0;0.0
1291,2921755780402,35107.0,16,35107.0;-32618.0;-4528.0;0.0;0.0;0.0;0.0;0.0;0.0;0.0;0.0;0.0;0.0;0.0;0.0;0.0
1292,2921756318403,35093.0,16,35093.0;-32618.0;-4528.0;0.0;0.0;0.0;0.0;0.0;0.0;0.0;0.0;0.0;0.0;0.0;0.0;0.0
1293,2921955945834,35008.0,16,35008.0;-32618.0;-4528.0;0.0;0.0;0.0;0.0;0.0;0.0;0.0;0.0;0.0;0.0;0.0;0.0;0.0
1294,2921956396500,34936.0,16,34936.0;-32618.0;-4528.0;0.0;0.0;0.0;0.0;0.0;0.0;0.0;0.0;0.0;0.0;0.0;0.0;0.0
1295,2921956676501,34864.0,16,34864.0;-32618.0;-4528.0;0.0;0.0;0.0;0.0;0.0;0.0;0.0;0.0;0.0;0.0;0.0;0.0;0.0
1296,2921956951167,34824.0,16,34824.0;-32618.0;-4528.0;0.0;0.0;0.0;0.0;0.0;0.0;0.0;0.0;0.0;0.0;0.0;0.0;0.0
1297,2921957225168,34816.0,16,34816.0;-32618.0;-4528.0;0.0;0.0;0.0;0.0;0.0;0.0;0.0;0.0;0.0;0.0;0.0;0.0;0.0
1298,2922157327265,34813.0,16,34813.0;-32618.0;-4528.0;0.0;0.0;0.0;0.0;0.0;0.0;0.0;0.0;0.0;0.0;0.0;0.0;0.0
1299,2922157751932,34816.0,16,34816.0;-32618.0;-4528.0;0.0;0.0;0.0;0.0;0.0;0.0;0.0;0.0;0.0;0.0;0.0;0.0;0.0
1300,2922158035266,34810.0,16,34810.0;-32618.0;-4528.0;0.0;0.0;0.0;0.0;0.0;0.0;0.0;0.0;0.0;0.0;0.0;0.0;0.0
1301,2922158312599,34820.0,16,34820.0;-32618.0;-4528.0;0.0;0.0;0.0;0.0;0.0;0.0;0.0;0.0;0.0;0.0;0.0;0.0;0.0
1302,2922158588599,34817.0,16,34817.0;-32618.0;-4528.0;0.0;0.0;0.0;0.0;0.0;0.0;0.0;0.0;0.0;0.0;0.0;0.0;0.0
1303,2922380833374,34823.0,16,34823.0;-32618.0;-4528.0;0.0;0.0;0.0;0.0;0.0;0.0;0.0;0.0;0.0;0.0;0.0;0.0;0.0
1304,2922381238708,34831.0,16,34831.0;-32618.0;-4528.0;0.0;0.0;0.0;0.0;0.0;0.0;0.0;0.0;0.0;0.0;0.0;0.0;0.0
1305,2922381560041,34844.0,16,34844.0;-32618.0;-4528.0;0.0;0.0;0.0;0.0;0.0;0.0;0.0;0.0;0.0;0.0;0.0;0.0;0.0
1306,2922381854042,34877.0,16,34877.0;-32618.0;-4528.0;0.0;0.0;0.0;0.0;0.0;0.0;0.0;0.0;0.0;0.0;0.0;0.0;0.0
1307,2922382140042,34890.0,16,34890.0;-32618.0;-4528.0;0.0;0.0;0.0;0.0;0.0;0.0;0.0;0.0;0.0;0.0;0.0;0.0;0.0
1308,2922563138797,34896.0,16,34896.0;-32618.0;-4528.0;0.0;0.0;0.0;0.0;0.0;0.0;0.0;0.0;0.0;0.0;0.0;0.0;0.0
1309,2922563550130,34835.0,16,34835.0;-32618.0;-4528.0;0.0;0.0;0.0;0.0;0.0;0.0;0.0;0.0;0.0;0.0;0.0;0.0;0.0
1310,2922563834130,34745.0,16,34745.0;-32618.0;-4528.0;0.0;0.0;0.0;0.0;0.0;0.0;0.0;0.0;0.0;0.0;0.0;0.0;0.0
1311,2922564112797,34672.0,16,34672.0;-32618.0;-4528.0;0.0;0.0;0.0;0.0;0.0;0.0;0.0;0.0;0.0;0.0;0.0;0.0;0.0
1312,2922565128798,34623.0,16,34623.0;-32618.0;-4528.0;0.0;0.0;0.0;0.0;0.0;0.0;0.0;0.0;0.0;0.0;0.0;0.0;0.0
1313,2922766701563,34601.0,16,34601.0;-32618.0;-4528.0;0.0;0.0;0.0;0.0;0.0;0.0;0.0;0.0;0.0;0.0;0.0;0.0;0.0
1314,2922767132896,34600.0,16,34600.0;-32618.0;-4528.0;0.0;0.0;0.0;0.0;0.0;0.0;0.0;0.0;0.0;0.0;0.0;0.0;0.0
1315,2922767410896,34608.0,16,34608.0;-32618.0;-4528.0;0.0;0.0;0.0;0.0;0.0;0.0;0.0;0.0;0.0;0.0;0.0;0.0;0.0
1316,2922767699563,34603.0,16,34603.0;-32618.0;-4528.0;0.0;0.0;0.0;0.0;0.0;0.0;0.0;0.0;0.0;0.0;0.0;0.0;0.0
1317,2922767978897,34608.0,16,34608.0;-32618.0;-4528.0;0.0;0.0;0.0;0.0;0.0;0.0;0.0;0.0;0.0;0.0;0.0;0.0;0.0
1318,2922768252897,34601.0,16,34601.0;-32618.0;-4528.0;0.0;0.0;0.0;0.0;0.0;0.0;0.0;0.0;0.0;0.0;0.0;0.0;0.0
1319,2922968032328,34611.0,16,34611.0;-32618.0;-4528.0;0.0;0.0;0.0;0.0;0.0;0.0;0.0;0.0;0.0;0.0;0.0;0.0;0.0
1320,2922968436995,34628.0,16,34628.0;-32618.0;-4528.0;0.0;0.0;0.0;0.0;0.0;0.0;0.0;0.0;0.0;0.0;0.0;0.0;0.0
1321,2922968750995,34638.0,16,34638.0;-32618.0;-4528.0;0.0;0.0;0.0;0.0;0.0;0.0;0.0;0.0;0.0;0.0;0.0;0.0;0.0
1322,2922969028995,34665.0,16,34665.0;-32618.0;-4528.0;0.0;0.0;0.0;0.0;0.0;0.0;0.0;0.0;0.0;0.0;0.0;0.0;0.0
1323,2922969322995,34692.0,16,34692.0;-32618.0;-4528.0;0.0;0.0;0.0;0.0;0.0;0.0;0.0;0.0;0.0;0.0;0.0;0.0;0.0
1324,2923171533094,34718.0,16,34718.0;-32618.0;-4528.0;0.0;0.0;0.0;0.0;0.0;0.0;0.0;0.0;0.0;0.0;0.0;0.0;0.0
1325,2923172909094,34740.0,16,34740.0;-32618.0;-4528.0;0.0;0.0;0.0;0.0;0.0;0.0;0.0;0.0;0.0;0.0;0.0;0.0;0.0
1326,2923173230428,34759.0,16,34759.0;-32618.0;-4528.0;0.0;0.0;0.0;0.0;0.0;0.0;0.0;0.0;0.0;0.0;0.0;0.0;0.0
1327,2923173509095,34715.0,16,34715.0;-32618.0;-4528.0;0.0;0.0;0.0;0.0;0.0;0.0;0.0;0.0;0.0;0.0;0.0;0.0;0.0
1328,2923173781762,34636.0,16,34636.0;-32618.0;-4528.0;0.0;0.0;0.0;0.0;0.0;0.0;0.0;0.0;0.0;0.0;0.0;0.0;0.0
1329,2923391089201,34560.0,16,34560.0;-32645.0;2.0;0.0;0.0;0.0;0.0;0.0;0.0;0.0;0.0;0.0;0.0;0.0;0.0;0.0
1330,2923391479868,34513.0,16,34513.0;-32645.0;2.0;0.0;0.0;0.0;0.0;0.0;0.0;0.0;0.0;0.0;0.0;0.0;0.0;0.0
1331,2923391759201,34501.0,16,34501.0;-32645.0;2.0;0.0;0.0;0.0;0.0;0.0;0.0;0.0;0.0;0.0;0.0;0.0;0.0;0.0
1332,2923392034535,34499.0,16,34499.0;-32645.0;2.0;0.0;0.0;0.0;0.0;0.0;0.0;0.0;0.0;0.0;0.0;0.0;0.0;0.0
1333,2923392326535,34512.0,16,34512.0;-32645.0;2.0;0.0;0.0;0.0;0.0;0.0;0.0;0.0;0.0;0.0;0.0;0.0;0.0;0.0
1334,2923580839960,34516.0,16,34516.0;-32645.0;1.0;0.0;0.0;0.0;0.0;0.0;0.0;0.0;0.0;0.0;0.0;0.0;0.0;0.0
1335,2923581242627,34522.0,16,34522.0;-32645.0;1.0;0.0;0.0;0.0;0.0;0.0;0.0;0.0;0.0;0.0;0.0;0.0;0.0;0.0
1336,2923581519961,34524.0,16,34524.0;-32645.0;1.0;0.0;0.0;0.0;0.0;0.0;0.0;0.0;0.0;0.0;0.0;0.0;0.0;0.0
1337,2923581792627,34548.0,16,34548.0;-32645.0;1.0;0.0;0.0;0.0;0.0;0.0;0.0;0.0;0.0;0.0;0.0;0.0;0.0;0.0
1338,2923582068628,34560.0,16,34560.0;-32645.0;1.0;0.0;0.0;0.0;0.0;0.0;0.0;0.0;0.0;0.0;0.0;0.0;0.0;0.0
1339,2923781780725,34585.0,16,34585.0;-32618.0;-4528.0;0.0;0.0;0.0;0.0;0.0;0.0;0.0;0.0;0.0;0.0;0.0;0.0;0.0
1340,2923782198725,34621.0,16,34621.0;-32618.0;-4528.0;0.0;0.0;0.0;0.0;0.0;0.0;0.0;0.0;0.0;0.0;0.0;0.0;0.0
1341,2923782478059,34636.0,16,34636.0;-32618.0;-4528.0;0.0;0.0;0.0;0.0;0.0;0.0;0.0;0.0;0.0;0.0;0.0;0.0;0.0
1342,2923783057392,34670.0,16,34670.0;-32618.0;-4528.0;0.0;0.0;0.0;0.0;0.0;0.0;0.0;0.0;0.0;0.0;0.0;0.0;0.0
1343,2923787327394,34700.0,16,34700.0;-32618.0;-4528.0;0.0;0.0;0.0;0.0;0.0;0.0;0.0;0.0;0.0;0.0;0.0;0.0;0.0
1344,2923981155489,34732.0,16,34732.0;-32645.0;3.0;0.0;0.0;0.0;0.0;0.0;0.0;0.0;0.0;0.0;0.0;0.0;0.0;0.0
1345,2923981563489,34766.0,16,34766.0;-32645.0;3.0;0.0;0.0;0.0;0.0;0.0;0.0;0.0;0.0;0.0;0.0;0.0;0.0;0.0
1346,2923981839489,34755.0,16,34755.0;-32645.0;3.0;0.0;0.0;0.0;0.0;0.0;0.0;0.0;0.0;0.0;0.0;0.0;0.0;0.0
1347,2923982124823,34699.0,16,34699.0;-32645.0;3.0;0.0;0.0;0.0;0.0;0.0;0.0;0.0;0.0;0.0;0.0;0.0;0.0;0.0
1348,2923982396823,34606.0,16,34606.0;-32645.0;3.0;0.0;0.0;0.0;0.0;0.0;0.0;0.0;0.0;0.0;0.0;0.0;0.0;0.0
1349,2924185514922,34540.0,16,34540.0;-32618.0;-4528.0;0.0;0.0;0.0;0.0;0.0;0.0;0.0;0.0;0.0;0.0;0.0;0.0;0.0
1350,2924185933589,34507.0,16,34507.0;-32618.0;-4528.0;0.0;0.0;0.0;0.0;0.0;0.0;0.0;0.0;0.0;0.0;0.0;0.0;0.0
1351,2924186222923,34492.0,16,34492.0;-32618.0;-4528.0;0.0;0.0;0.0;0.0;0.0;0.0;0.0;0.0;0.0;0.0;0.0;0.0;0.0
1352,2924186502923,34503.0,16,34503.0;-32618.0;-4528.0;0.0;0.0;0.0;0.0;0.0;0.0;0.0;0.0;0.0;0.0;0.0;0.0;0.0
1353,2924186781589,34520.0,16,34520.0;-32618.0;-4528.0;0.0;0.0;0.0;0.0;0.0;0.0;0.0;0.0;0.0;0.0;0.0;0.0;0.0
1354,2924400160360,34524.0,16,34524.0;-32618.0;-4528.0;0.0;0.0;0.0;0.0;0.0;0.0;0.0;0.0;0.0;0.0;0.0;0.0;0.0
1355,2924400559694,34524.0,16,34524.0;-32618.0;-4528.0;0.0;0.0;0.0;0.0;0.0;0.0;0.0;0.0;0.0;0.0;0.0;0.0;0.0
1356,2924400846361,34530.0,16,34530.0;-32618.0;-4528.0;0.0;0.0;0.0;0.0;0.0;0.0;0.0;0.0;0.0;0.0;0.0;0.0;0.0
1357,2924401124361,34548.0,16,34548.0;-32618.0;-4528.0;0.0;0.0;0.0;0.0;0.0;0.0;0.0;0.0;0.0;0.0;0.0;0.0;0.0
1358,2924401417694,34559.0,16,34559.0;-32618.0;-4528.0;0.0;0.0;0.0;0.0;0.0;0.0;0.0;0.0;0.0;0.0;0.0;0.0;0.0
1359,2924588895119,34580.0,16,34580.0;0.0;0.0;0.0;0.0;0.0;0.0;0.0;0.0;0.0;0.0;0.0;0.0;0.0;0.0;0.0
1360,2924589255119,34611.0,16,34611.0;0.0;0.0;0.0;0.0;0.0;0.0;0.0;0.0;0.0;0.0;0.0;0.0;0.0;0.0;0.0
1361,2924589519119,34629.0,16,34629.0;0.0;0.0;0.0;0.0;0.0;0.0;0.0;0.0;0.0;0.0;0.0;0.0;0.0;0.0;0.0
1362,2924589763120,34668.0,16,34668.0;0.0;0.0;0.0;0.0;0.0;0.0;0.0;0.0;0.0;0.0;0.0;0.0;0.0;0.0;0.0
1363,2924590107120,34695.0,16,34695.0;0.0;0.0;0.0;0.0;0.0;0.0;0.0;0.0;0.0;0.0;0.0;0.0;0.0;0.0;0.0
1364,2924590379120,34731.0,16,34731.0;0.0;0.0;0.0;0.0;0.0;0.0;0.0;0.0;0.0;0.0;0.0;0.0;0.0;0.0;0.0
1365,2924790981885,34742.0,16,34742.0;-32618.0;-4528.0;0.0;0.0;0.0;0.0;0.0;0.0;0.0;0.0;0.0;0.0;0.0;0.0;0.0
1366,2924791392551,34697.0,16,34697.0;-32618.0;-4528.0;0.0;0.0;0.0;0.0;0.0;0.0;0.0;0.0;0.0;0.0;0.0;0.0;0.0
1367,2924791672552,34605.0,16,34605.0;-32618.0;-4528.0;0.0;0.0;0.0;0.0;0.0;0.0;0.0;0.0;0.0;0.0;0.0;0.0;0.0
1368,2924791947885,34525.0,16,34525.0;-32618.0;-4528.0;0.0;0.0;0.0;0.0;0.0;0.0;0.0;0.0;0.0;0.0;0.0;0.0;0.0
1369,2924792231885,34478.0,16,34478.0;-32618.0;-4528.0;0.0;0.0;0.0;0.0;0.0;0.0;0.0;0.0;0.0;0.0;0.0;0.0;0.0
1370,2924993351983,34451.0,16,34451.0;0.0;2.0;0.0;0.0;0.0;0.0;0.0;0.0;0.0;0.0;0.0;0.0;0.0;0.0;0.0
1371,2924993733984,34444.0,16,34444.0;0.0;2.0;0.0;0.0;0.0;0.0;0.0;0.0;0.0;0.0;0.0;0.0;0.0;0.0;0.0
1372,2924994007984,34453.0,16,34453.0;0.0;2.0;0.0;0.0;0.0;0.0;0.0;0.0;0.0;0.0;0.0;0.0;0.0;0.0;0.0
1373,2924994263984,34472.0,16,34472.0;0.0;2.0;0.0;0.0;0.0;0.0;0.0;0.0;0.0;0.0;0.0;0.0;0.0;0.0;0.0
1374,2924994519984,34469.0,16,34469.0;0.0;2.0;0.0;0.0;0.0;0.0;0.0;0.0;0.0;0.0;0.0;0.0;0.0;0.0;0.0
1375,2925194700082,34456.0,16,34456.0;-32645.0;1.0;0.0;0.0;0.0;0.0;0.0;0.0;0.0;0.0;0.0;0.0;0.0;0.0;0.0
1376,2925195818082,34470.0,16,34470.0;-32645.0;1.0;0.0;0.0;0.0;0.0;0.0;0.0;0.0;0.0;0.0;0.0;0.0;0.0;0.0
1377,2925196113416,34484.0,16,34484.0;-32645.0;1.0;0.0;0.0;0.0;0.0;0.0;0.0;0.0;0.0;0.0;0.0;0.0;0.0;0.0
1378,2925196402082,34500.0,16,34500.0;-32645.0;1.0;0.0;0.0;0.0;0.0;0.0;0.0;0.0;0.0;0.0;0.0;0.0;0.0;0.0
1379,2925196676749,34530.0,16,34530.0;-32645.0;1.0;0.0;0.0;0.0;0.0;0.0;0.0;0.0;0.0;0.0;0.0;0.0;0.0;0.0
1380,2925414162189,34545.0,16,34545.0;-32618.0;-4528.0;0.0;0.0;0.0;0.0;0.0;0.0;0.0;0.0;0.0;0.0;0.0;0.0;0.0
1381,2925414578856,34576.0,16,34576.0;-32618.0;-4528.0;0.0;0.0;0.0;0.0;0.0;0.0;0.0;0.0;0.0;0.0;0.0;0.0;0.0
1382,2925414878856,34609.0,16,34609.0;-32618.0;-4528.0;0.0;0.0;0.0;0.0;0.0;0.0;0.0;0.0;0.0;0.0;0.0;0.0;0.0
1383,2925415152856,34646.0,16,34646.0;-32618.0;-4528.0;0.0;0.0;0.0;0.0;0.0;0.0;0.0;0.0;0.0;0.0;0.0;0.0;0.0
1384,2925415429523,34665.0,16,34665.0;-32618.0;-4528.0;0.0;0.0;0.0;0.0;0.0;0.0;0.0;0.0;0.0;0.0;0.0;0.0;0.0
1385,2925599509613,34620.0,16,34620.0;-32618.0;-4528.0;0.0;0.0;0.0;0.0;0.0;0.0;0.0;0.0;0.0;0.0;0.0;0.0;0.0
1386,2925599905613,34535.0,16,34535.0;-32618.0;-4528.0;0.0;0.0;0.0;0.0;0.0;0.0;0.0;0.0;0.0;0.0;0.0;0.0;0.0
1387,2925602670948,34463.0,16,34463.0;-32618.0;-4528.0;0.0;0.0;0.0;0.0;0.0;0.0;0.0;0.0;0.0;0.0;0.0;0.0;0.0
1388,2925602970281,34424.0,16,34424.0;-32618.0;-4528.0;0.0;0.0;0.0;0.0;0.0;0.0;0.0;0.0;0.0;0.0;0.0;0.0;0.0
1389,2925603268948,34404.0,16,34404.0;-32618.0;-4528.0;0.0;0.0;0.0;0.0;0.0;0.0;0.0;0.0;0.0;0.0;0.0;0.0;0.0
1390,2925803947046,34407.0,16,34407.0;-32645.0;2.0;0.0;0.0;0.0;0.0;0.0;0.0;0.0;0.0;0.0;0.0;0.0;0.0;0.0
1391,2925804649713,34416.0,16,34416.0;-32645.0;2.0;0.0;0.0;0.0;0.0;0.0;0.0;0.0;0.0;0.0;0.0;0.0;0.0;0.0
1392,2925805233046,34427.0,16,34427.0;-32645.0;2.0;0.0;0.0;0.0;0.0;0.0;0.0;0.0;0.0;0.0;0.0;0.0;0.0;0.0
1393,2925805772380,34432.0,16,34432.0;-32645.0;2.0;0.0;0.0;0.0;0.0;0.0;0.0;0.0;0.0;0.0;0.0;0.0;0.0;0.0
1394,2925806310380,34438.0,16,34438.0;-32645.0;2.0;0.0;0.0;0.0;0.0;0.0;0.0;0.0;0.0;0.0;0.0;0.0;0.0;0.0
1395,2926005338477,34441.0,16,34441.0;-32618.0;-4528.0;0.0;0.0;0.0;0.0;0.0;0.0;0.0;0.0;0.0;0.0;0.0;0.0;0.0
1396,2926005787811,34455.0,16,34455.0;-32618.0;-4528.0;0.0;0.0;0.0;0.0;0.0;0.0;0.0;0.0;0.0;0.0;0.0;0.0;0.0
1397,2926006068478,34474.0,16,34474.0;-32618.0;-4528.0;0.0;0.0;0.0;0.0;0.0;0.0;0.0;0.0;0.0;0.0;0.0;0.0;0.0
1398,2926006344478,34500.0,16,34500.0;-32618.0;-4528.0;0.0;0.0;0.0;0.0;0.0;0.0;0.0;0.0;0.0;0.0;0.0;0.0;0.0
1399,2926006629811,34528.0,16,34528.0;-32618.0;-4528.0;0.0;0.0;0.0;0.0;0.0;0.0;0.0;0.0;0.0;0.0;0.0;0.0;0.0
1400,2926206719909,34565.0,16,34565.0;-32645.0;0.0;0.0;0.0;0.0;0.0;0.0;0.0;0.0;0.0;0.0;0.0;0.0;0.0;0.0
1401,2926207126576,34591.0,16,34591.0;-32645.0;0.0;0.0;0.0;0.0;0.0;0.0;0.0;0.0;0.0;0.0;0.0;0.0;0.0;0.0
1402,2926207394576,34630.0,16,34630.0;-32645.0;0.0;0.0;0.0;0.0;0.0;0.0;0.0;0.0;0.0;0.0;0.0;0.0;0.0;0.0
1403,2926208241910,34630.0,16,34630.0;-32645.0;0.0;0.0;0.0;0.0;0.0;0.0;0.0;0.0;0.0;0.0;0.0;0.0;0.0;0.0
1404,2926208551910,34582.0,16,34582.0;-32645.0;0.0;0.0;0.0;0.0;0.0;0.0;0.0;0.0;0.0;0.0;0.0;0.0;0.0;0.0
1405,2926426174016,34507.0,16,34507.0;-32645.0;3.0;0.0;0.0;0.0;0.0;0.0;0.0;0.0;0.0;0.0;0.0;0.0;0.0;0.0
1406,2926426586016,34454.0,16,34454.0;-32645.0;3.0;0.0;0.0;0.0;0.0;0.0;0.0;0.0;0.0;0.0;0.0;0.0;0.0;0.0
1407,2926426864017,34428.0,16,34428.0;-32645.0;3.0;0.0;0.0;0.0;0.0;0.0;0.0;0.0;0.0;0.0;0.0;0.0;0.0;0.0
1408,2926427885350,34427.0,16,34427.0;-32645.0;3.0;0.0;0.0;0.0;0.0;0.0;0.0;0.0;0.0;0.0;0.0;0.0;0.0;0.0
1409,2926428184684,34441.0,16,34441.0;-32645.0;3.0;0.0;0.0;0.0;0.0;0.0;0.0;0.0;0.0;0.0;0.0;0.0;0.0;0.0
1410,2926613026108,34463.0,16,34463.0;-32618.0;-4528.0;0.0;0.0;0.0;0.0;0.0;0.0;0.0;0.0;0.0;0.0;0.0;0.0;0.0
1411,2926613427441,34467.0,16,34467.0;-32618.0;-4528.0;0.0;0.0;0.0;0.0;0.0;0.0;0.0;0.0;0.0;0.0;0.0;0.0;0.0
1412,2926613722775,34472.0,16,34472.0;-32618.0;-4528.0;0.0;0.0;0.0;0.0;0.0;0.0;0.0;0.0;0.0;0.0;0.0;0.0;0.0
1413,2926614009441,34487.0,16,34487.0;-32618.0;-4528.0;0.0;0.0;0.0;0.0;0.0;0.0;0.0;0.0;0.0;0.0;0.0;0.0;0.0
1414,2926614284108,34499.0,16,34499.0;-32618.0;-4528.0;0.0;0.0;0.0;0.0;0.0;0.0;0.0;0.0;0.0;0.0;0.0;0.0;0.0
1415,2926614580775,34516.0,16,34516.0;-32618.0;-4528.0;0.0;0.0;0.0;0.0;0.0;0.0;0.0;0.0;0.0;0.0;0.0;0.0;0.0
1416,2926813876872,34537.0,16,34537.0;-32618.0;-4528.0;0.0;0.0;0.0;0.0;0.0;0.0;0.0;0.0;0.0;0.0;0.0;0.0;0.0
1417,2926814296206,34553.0,16,34553.0;-32618.0;-4528.0;0.0;0.0;0.0;0.0;0.0;0.0;0.0;0.0;0.0;0.0;0.0;0.0;0.0
1418,2926814574873,34587.0,16,34587.0;-32618.0;-4528.0;0.0;0.0;0.0;0.0;0.0;0.0;0.0;0.0;0.0;0.0;0.0;0.0;0.0
1419,2926814853539,34615.0,16,34615.0;-32618.0;-4528.0;0.0;0.0;0.0;0.0;0.0;0.0;0.0;0.0;0.0;0.0;0.0;0.0;0.0
1420,2926815127540,34656.0,16,34656.0;-32618.0;-4528.0;0.0;0.0;0.0;0.0;0.0;0.0;0.0;0.0;0.0;0.0;0.0;0.0;0.0
1421,2927020346973,34653.0,16,34653.0;-32618.0;-4528.0;0.0;0.0;0.0;0.0;0.0;0.0;0.0;0.0;0.0;0.0;0.0;0.0;0.0
1422,2927020794307,34610.0,16,34610.0;-32618.0;-4528.0;0.0;0.0;0.0;0.0;0.0;0.0;0.0;0.0;0.0;0.0;0.0;0.0;0.0
1423,2927021086973,34548.0,16,34548.0;-32618.0;-4528.0;0.0;0.0;0.0;0.0;0.0;0.0;0.0;0.0;0.0;0.0;0.0;0.0;0.0
1424,2927021366974,34489.0,16,34489.0;-32618.0;-4528.0;0.0;0.0;0.0;0.0;0.0;0.0;0.0;0.0;0.0;0.0;0.0;0.0;0.0
1425,2927021661640,34491.0,16,34491.0;-32618.0;-4528.0;0.0;0.0;0.0;0.0;0.0;0.0;0.0;0.0;0.0;0.0;0.0;0.0;0.0
1426,2927219117737,34492.0,16,34492.0;-32618.0;-4528.0;0.0;0.0;0.0;0.0;0.0;0.0;0.0;0.0;0.0;0.0;0.0;0.0;0.0
1427,2927219514404,34493.0,16,34493.0;-32618.0;-4528.0;0.0;0.0;0.0;0.0;0.0;0.0;0.0;0.0;0.0;0.0;0.0;0.0;0.0
1428,2927219793737,34516.0,16,34516.0;-32618.0;-4528.0;0.0;0.0;0.0;0.0;0.0;0.0;0.0;0.0;0.0;0.0;0.0;0.0;0.0
1429,2927220177071,34528.0,16,34528.0;-32618.0;-4528.0;0.0;0.0;0.0;0.0;0.0;0.0;0.0;0.0;0.0;0.0;0.0;0.0;0.0
1430,2927220461737,34538.0,16,34538.0;-32618.0;-4528.0;0.0;0.0;0.0;0.0;0.0;0.0;0.0;0.0;0.0;0.0;0.0;0.0;0.0
1431,2927436705843,34554.0,16,34554.0;-32645.0;2.0;0.0;0.0;0.0;0.0;0.0;0.0;0.0;0.0;0.0;0.0;0.0;0.0;0.0
1432,2927437106510,34569.0,16,34569.0;-32645.0;2.0;0.0;0.0;0.0;0.0;0.0;0.0;0.0;0.0;0.0;0.0;0.0;0.0;0.0
1433,2927437395177,34598.0,16,34598.0;-32645.0;2.0;0.0;0.0;0.0;0.0;0.0;0.0;0.0;0.0;0.0;0.0;0.0;0.0;0.0
1434,2927437671177,34619.0,16,34619.0;-32645.0;2.0;0.0;0.0;0.0;0.0;0.0;0.0;0.0;0.0;0.0;0.0;0.0;0.0;0.0
1435,2927437946510,34643.0,16,34643.0;-32645.0;2.0;0.0;0.0;0.0;0.0;0.0;0.0;0.0;0.0;0.0;0.0;0.0;0.0;0.0
1436,2927623375268,34659.0,16,34659.0;-32618.0;-4528.0;0.0;0.0;0.0;0.0;0.0;0.0;0.0;0.0;0.0;0.0;0.0;0.0;0.0
1437,2927623779268,34706.0,16,34706.0;-32618.0;-4528.0;0.0;0.0;0.0;0.0;0.0;0.0;0.0;0.0;0.0;0.0;0.0;0.0;0.0
1438,2927624203935,34732.0,16,34732.0;-32618.0;-4528.0;0.0;0.0;0.0;0.0;0.0;0.0;0.0;0.0;0.0;0.0;0.0;0.0;0.0
1439,2927624749268,34701.0,16,34701.0;-32618.0;-4528.0;0.0;0.0;0.0;0.0;0.0;0.0;0.0;0.0;0.0;0.0;0.0;0.0;0.0
1440,2927629345937,34646.0,16,34646.0;-32618.0;-4528.0;0.0;0.0;0.0;0.0;0.0;0.0;0.0;0.0;0.0;0.0;0.0;0.0;0.0
1441,2927825697366,34591.0,16,34591.0;-32618.0;-4528.0;0.0;0.0;0.0;0.0;0.0;0.0;0.0;0.0;0.0;0.0;0.0;0.0;0.0
1442,2927826097367,34566.0,16,34566.0;-32618.0;-4528.0;0.0;0.0;0.0;0.0;0.0;0.0;0.0;0.0;0.0;0.0;0.0;0.0;0.0
1443,2927826377367,34566.0,16,34566.0;-32618.0;-4528.0;0.0;0.0;0.0;0.0;0.0;0.0;0.0;0.0;0.0;0.0;0.0;0.0;0.0
1444,2927826652700,34587.0,16,34587.0;-32618.0;-4528.0;0.0;0.0;0.0;0.0;0.0;0.0;0.0;0.0;0.0;0.0;0.0;0.0;0.0
1445,2927826926700,34609.0,16,34609.0;-32618.0;-4528.0;0.0;0.0;0.0;0.0;0.0;0.0;0.0;0.0;0.0;0.0;0.0;0.0;0.0
1446,2928029170799,34633.0,16,34633.0;-32618.0;-4528.0;0.0;0.0;0.0;0.0;0.0;0.0;0.0;0.0;0.0;0.0;0.0;0.0;0.0
1447,2928029570133,34664.0,16,34664.0;-32618.0;-4528.0;0.0;0.0;0.0;0.0;0.0;0.0;0.0;0.0;0.0;0.0;0.0;0.0;0.0
1448,2928029855466,34683.0,16,34683.0;-32618.0;-4528.0;0.0;0.0;0.0;0.0;0.0;0.0;0.0;0.0;0.0;0.0;0.0;0.0;0.0
1449,2928030216800,34708.0,16,34708.0;-32618.0;-4528.0;0.0;0.0;0.0;0.0;0.0;0.0;0.0;0.0;0.0;0.0;0.0;0.0;0.0
1450,2928030497466,34745.0,16,34745.0;-32618.0;-4528.0;0.0;0.0;0.0;0.0;0.0;0.0;0.0;0.0;0.0;0.0;0.0;0.0;0.0
1451,2928230512897,34775.0,16,34775.0;-32618.0;-4528.0;0.0;0.0;0.0;0.0;0.0;0.0;0.0;0.0;0.0;0.0;0.0;0.0;0.0
1452,2928230937564,34805.0,16,34805.0;-32618.0;-4528.0;0.0;0.0;0.0;0.0;0.0;0.0;0.0;0.0;0.0;0.0;0.0;0.0;0.0
1453,2928231230898,34836.0,16,34836.0;-32618.0;-4528.0;0.0;0.0;0.0;0.0;0.0;0.0;0.0;0.0;0.0;0.0;0.0;0.0;0.0
1454,2928231506898,34871.0,16,34871.0;-32618.0;-4528.0;0.0;0.0;0.0;0.0;0.0;0.0;0.0;0.0;0.0;0.0;0.0;0.0;0.0
1455,2928231788231,34898.0,16,34898.0;-32618.0;-4528.0;0.0;0.0;0.0;0.0;0.0;0.0;0.0;0.0;0.0;0.0;0.0;0.0;0.0
1456,2928448897004,34901.0,16,34901.0;-32618.0;-4528.0;0.0;0.0;0.0;0.0;0.0;0.0;0.0;0.0;0.0;0.0;0.0;0.0;0.0
1457,2928449306337,34816.0,16,34816.0;-32618.0;-4528.0;0.0;0.0;0.0;0.0;0.0;0.0;0.0;0.0;0.0;0.0;0.0;0.0;0.0
1458,2928449587671,34701.0,16,34701.0;-32618.0;-4528.0;0.0;0.0;0.0;0.0;0.0;0.0;0.0;0.0;0.0;0.0;0.0;0.0;0.0
1459,2928449880338,34650.0,16,34650.0;-32618.0;-4528.0;0.0;0.0;0.0;0.0;0.0;0.0;0.0;0.0;0.0;0.0;0.0;0.0;0.0
1460,2928451925672,34656.0,16,34656.0;-32618.0;-4528.0;0.0;0.0;0.0;0.0;0.0;0.0;0.0;0.0;0.0;0.0;0.0;0.0;0.0
1461,2928637269096,34672.0,16,34672.0;-32618.0;-4528.0;0.0;0.0;0.0;0.0;0.0;0.0;0.0;0.0;0.0;0.0;0.0;0.0;0.0
1462,2928637712429,34673.0,16,34673.0;-32618.0;-4528.0;0.0;0.0;0.0;0.0;0.0;0.0;0.0;0.0;0.0;0.0;0.0;0.0;0.0
1463,2928637991763,34655.0,16,34655.0;-32618.0;-4528.0;0.0;0.0;0.0;0.0;0.0;0.0;0.0;0.0;0.0;0.0;0.0;0.0;0.0
1464,2928638273763,34645.0,16,34645.0;-32618.0;-4528.0;0.0;0.0;0.0;0.0;0.0;0.0;0.0;0.0;0.0;0.0;0.0;0.0;0.0
1465,2928638549763,34668.0,16,34668.0;-32618.0;-4528.0;0.0;0.0;0.0;0.0;0.0;0.0;0.0;0.0;0.0;0.0;0.0;0.0;0.0
1466,2928638835763,34702.0,16,34702.0;-32618.0;-4528.0;0.0;0.0;0.0;0.0;0.0;0.0;0.0;0.0;0.0;0.0;0.0;0.0;0.0
1467,2928837586527,34737.0,16,34737.0;-32618.0;-4528.0;0.0;0.0;0.0;0.0;0.0;0.0;0.0;0.0;0.0;0.0;0.0;0.0;0.0
1468,2928837999861,34769.0,16,34769.0;-32618.0;-4528.0;0.0;0.0;0.0;0.0;0.0;0.0;0.0;0.0;0.0;0.0;0.0;0.0;0.0
1469,2928838298527,34806.0,16,34806.0;-32618.0;-4528.0;0.0;0.0;0.0;0.0;0.0;0.0;0.0;0.0;0.0;0.0;0.0;0.0;0.0
1470,2928838577194,34845.0,16,34845.0;-32618.0;-4528.0;0.0;0.0;0.0;0.0;0.0;0.0;0.0;0.0;0.0;0.0;0.0;0.0;0.0
1471,2928838851194,34877.0,16,34877.0;-32618.0;-4528.0;0.0;0.0;0.0;0.0;0.0;0.0;0.0;0.0;0.0;0.0;0.0;0.0;0.0
1472,2929049929964,34884.0,16,34884.0;-32618.0;-4528.0;0.0;0.0;0.0;0.0;0.0;0.0;0.0;0.0;0.0;0.0;0.0;0.0;0.0
1473,2929050429298,34835.0,16,34835.0;-32618.0;-4528.0;0.0;0.0;0.0;0.0;0.0;0.0;0.0;0.0;0.0;0.0;0.0;0.0;0.0
1474,2929050705298,34766.0,16,34766.0;-32618.0;-4528.0;0.0;0.0;0.0;0.0;0.0;0.0;0.0;0.0;0.0;0.0;0.0;0.0;0.0
1475,2929050982631,34714.0,16,34714.0;-32618.0;-4528.0;0.0;0.0;0.0;0.0;0.0;0.0;0.0;0.0;0.0;0.0;0.0;0.0;0.0
1476,2929051255298,34665.0,16,34665.0;-32618.0;-4528.0;0.0;0.0;0.0;0.0;0.0;0.0;0.0;0.0;0.0;0.0;0.0;0.0;0.0
1477,2929241633391,34645.0,16,34645.0;-32618.0;-4528.0;0.0;0.0;0.0;0.0;0.0;0.0;0.0;0.0;0.0;0.0;0.0;0.0;0.0
1478,2929242074058,34620.0,16,34620.0;-32618.0;-4528.0;0.0;0.0;0.0;0.0;0.0;0.0;0.0;0.0;0.0;0.0;0.0;0.0;0.0
1479,2929242355391,34606.0,16,34606.0;-32618.0;-4528.0;0.0;0.0;0.0;0.0;0.0;0.0;0.0;0.0;0.0;0.0;0.0;0.0;0.0
1480,2929242679392,34601.0,16,34601.0;-32618.0;-4528.0;0.0;0.0;0.0;0.0;0.0;0.0;0.0;0.0;0.0;0.0;0.0;0.0;0.0
1481,2929243554725,34590.0,16,34590.0;-32618.0;-4528.0;0.0;0.0;0.0;0.0;0.0;0.0;0.0;0.0;0.0;0.0;0.0;0.0;0.0
1482,2929468186168,34583.0,16,34583.0;-32618.0;-4528.0;0.0;0.0;0.0;0.0;0.0;0.0;0.0;0.0;0.0;0.0;0.0;0.0;0.0
1483,2929468642835,34582.0,16,34582.0;-32618.0;-4528.0;0.0;0.0;0.0;0.0;0.0;0.0;0.0;0.0;0.0;0.0;0.0;0.0;0.0
1484,2929468920835,34594.0,16,34594.0;-32618.0;-4528.0;0.0;0.0;0.0;0.0;0.0;0.0;0.0;0.0;0.0;0.0;0.0;0.0;0.0
1485,2929469204169,34598.0,16,34598.0;-32618.0;-4528.0;0.0;0.0;0.0;0.0;0.0;0.0;0.0;0.0;0.0;0.0;0.0;0.0;0.0
1486,2929469478169,34611.0,16,34611.0;-32618.0;-4528.0;0.0;0.0;0.0;0.0;0.0;0.0;0.0;0.0;0.0;0.0;0.0;0.0;0.0
1487,2929647356256,34624.0,16,34624.0;-32618.0;-4528.0;0.0;0.0;0.0;0.0;0.0;0.0;0.0;0.0;0.0;0.0;0.0;0.0;0.0
1488,2929647786256,34652.0,16,34652.0;-32618.0;-4528.0;0.0;0.0;0.0;0.0;0.0;0.0;0.0;0.0;0.0;0.0;0.0;0.0;0.0
1489,2929648069589,34642.0,16,34642.0;-32618.0;-4528.0;0.0;0.0;0.0;0.0;0.0;0.0;0.0;0.0;0.0;0.0;0.0;0.0;0.0
1490,2929648348923,34579.0,16,34579.0;-32618.0;-4528.0;0.0;0.0;0.0;0.0;0.0;0.0;0.0;0.0;0.0;0.0;0.0;0.0;0.0
1491,2929648646256,34507.0,16,34507.0;-32618.0;-4528.0;0.0;0.0;0.0;0.0;0.0;0.0;0.0;0.0;0.0;0.0;0.0;0.0;0.0
1492,2929849833021,34457.0,16,34457.0;-32618.0;-4528.0;0.0;0.0;0.0;0.0;0.0;0.0;0.0;0.0;0.0;0.0;0.0;0.0;0.0
1493,2929850322355,34432.0,16,34432.0;-32618.0;-4528.0;0.0;0.0;0.0;0.0;0.0;0.0;0.0;0.0;0.0;0.0;0.0;0.0;0.0
1494,2929850610355,34425.0,16,34425.0;-32618.0;-4528.0;0.0;0.0;0.0;0.0;0.0;0.0;0.0;0.0;0.0;0.0;0.0;0.0;0.0
1495,2929850906355,34436.0,16,34436.0;-32618.0;-4528.0;0.0;0.0;0.0;0.0;0.0;0.0;0.0;0.0;0.0;0.0;0.0;0.0;0.0
1496,2929851184355,34455.0,16,34455.0;-32618.0;-4528.0;0.0;0.0;0.0;0.0;0.0;0.0;0.0;0.0;0.0;0.0;0.0;0.0;0.0
1497,2930053342454,34471.0,16,34471.0;-32645.0;1.0;0.0;0.0;0.0;0.0;0.0;0.0;0.0;0.0;0.0;0.0;0.0;0.0;0.0
1498,2930053736454,34489.0,16,34489.0;-32645.0;1.0;0.0;0.0;0.0;0.0;0.0;0.0;0.0;0.0;0.0;0.0;0.0;0.0;0.0
1499,2930054037788,34496.0,16,34496.0;-32645.0;1.0;0.0;0.0;0.0;0.0;0.0;0.0;0.0;0.0;0.0;0.0;0.0;0.0;0.0
1500,2930054313121,34514.0,16,34514.0;-32645.0;1.0;0.0;0.0;0.0;0.0;0.0;0.0;0.0;0.0;0.0;0.0;0.0;0.0;0.0
1501,2930054598455,34528.0,16,34528.0;-32645.0;1.0;0.0;0.0;0.0;0.0;0.0;0.0;0.0;0.0;0.0;0.0;0.0;0.0;0.0
1502,2930255427219,34539.0,16,34539.0;-32618.0;-4528.0;0.0;0.0;0.0;0.0;0.0;0.0;0.0;0.0;0.0;0.0;0.0;0.0;0.0
1503,2930255842553,34554.0,16,34554.0;-32618.0;-4528.0;0.0;0.0;0.0;0.0;0.0;0.0;0.0;0.0;0.0;0.0;0.0;0.0;0.0
1504,2930256903220,34558.0,16,34558.0;-32618.0;-4528.0;0.0;0.0;0.0;0.0;0.0;0.0;0.0;0.0;0.0;0.0;0.0;0.0;0.0
1505,2930257205887,34593.0,16,34593.0;-32618.0;-4528.0;0.0;0.0;0.0;0.0;0.0;0.0;0.0;0.0;0.0;0.0;0.0;0.0;0.0
1506,2930257485887,34619.0,16,34619.0;-32618.0;-4528.0;0.0;0.0;0.0;0.0;0.0;0.0;0.0;0.0;0.0;0.0;0.0;0.0;0.0
